bandgap,SLICES
2.0,Zn Zn Zn Zn Te Se Se Se 0 6 -oo 0 4 o+o 0 5 ooo 1 6 ooo 1 5 o-o 1 4 +oo 1 7 oo+ 2 7 -oo 2 6 o+o 2 7 ooo 2 4 oo- 2 6 ooo 3 4 --- 3 6 -oo 3 5 o-o 3 5 ooo
2.0,Li Li La La Fe Ni W W O O O O O O O O O O O O 0 12 ooo 0 14 ooo 0 11 o-o 0 16 +oo 0 8 ooo 0 17 ooo 1 19 -oo 1 13 o+o 1 18 oo- 1 15 ooo 1 10 ooo 1 9 o+o 2 17 -oo 2 10 -o+ 2 13 -oo 2 9 ooo 2 19 oo+ 2 18 ooo 3 8 ooo 3 12 ooo 3 18 ooo 3 15 oo+ 3 11 +oo 3 19 ooo 4 16 ooo 4 8 oo- 4 19 o+o 4 12 ooo 4 17 o+o 4 15 ++o 5 16 ooo 5 13 -oo 5 9 o+o 5 8 ooo 5 14 ooo 5 17 ooo 6 18 --o 6 11 o-o 6 15 o-+ 6 8 o-+ 6 12 oo+ 6 14 ooo 7 11 --o 7 18 o-o 7 16 -oo 7 10 ooo 7 13 oo+ 7 19 o-+
2.0,Li Li Fe Fe F F F F F F F F 0 11 -oo 0 5 -oo 0 9 -oo 0 11 ooo 0 7 ooo 0 8 ooo 0 6 oo+ 1 6 o-- 1 10 o-o 1 9 ooo 1 5 +-o 1 7 o-o 1 4 o-+ 1 8 oo+ 2 5 -o- 2 9 -oo 2 4 ooo 2 10 ooo 2 8 ooo 2 6 ooo 3 9 ooo 3 11 ooo 3 6 ooo 3 4 oo+ 3 5 oo+ 3 7 ooo
2.0,Ca Ca Ca Ca As As As As 0 5 -oo 0 5 ooo 0 4 -+o 0 4 o+o 0 6 ooo 0 6 o+o 1 6 o-o 1 6 ooo 1 6 +-o 1 7 +oo 1 7 oo+ 1 7 +o+ 2 7 ooo 2 4 +oo 2 4 +oo 2 6 ooo 2 5 oo- 2 5 oo- 3 5 ooo 3 4 oo+ 3 4 +oo 3 5 +o+ 3 6 ooo 3 7 o-o 4 6 ooo 4 5 oo+
2.0,K K Tl Sb Cl Cl Cl Cl Cl Cl 0 9 ooo 0 9 oo+ 0 8 ooo 0 8 o+o 0 6 ooo 0 6 +oo 0 7 oo+ 0 7 +oo 0 4 oo+ 0 4 +oo 0 5 o+o 0 5 +oo 1 7 o-o 1 7 ooo 1 6 o-o 1 6 oo- 1 4 -oo 1 4 ooo 1 9 -oo 1 9 o-o 1 8 -oo 1 8 oo- 1 5 oo- 1 5 ooo 2 5 ooo 2 7 ooo 2 6 ooo 2 4 ooo 2 8 ooo 2 9 ooo 3 9 --o 3 8 -o- 3 4 -oo 3 6 o-- 3 7 o-o 3 5 oo-
2.0,Mg Mg Cr Cr Si Si O O O O O O O O 0 11 ooo 0 13 ooo 0 8 ooo 0 9 ooo 0 7 ooo 0 10 ooo 1 10 ooo 1 11 o+o 1 6 ooo 1 12 ooo 1 9 ooo 1 8 +oo 2 9 -oo 2 11 -oo 2 13 -oo 2 7 ooo 2 12 ooo 2 6 ooo 3 8 oo- 3 6 oo- 3 10 o-o 3 7 ooo 3 13 +oo 3 11 +oo 4 12 oo- 4 8 ooo 4 13 ooo 4 11 ooo 5 10 ooo 5 6 ooo 5 7 ooo 5 9 ooo
2.0,Li Li Ti Te O O O O O O 0 9 o-o 0 6 -oo 0 4 -oo 0 8 ooo 0 7 o-o 0 5 oo- 1 8 oo+ 1 6 o+o 1 5 +oo 1 4 o+o 1 9 +oo 1 7 oo+ 2 6 oo- 2 8 ooo 2 5 o-o 2 4 -oo 2 9 o-o 2 6 -oo 2 7 oo- 2 9 ooo 3 7 ooo 3 5 ooo 3 4 ooo 3 8 ooo 3 6 ooo 3 5 ooo 3 9 ooo 3 8 ooo
2.0,Rb Rb Rb Rb Sn Sn Br Br Br Br Br Br Br Br Br Br Br Br 0 17 ooo 0 15 o-o 0 7 +oo 0 10 ooo 0 8 +oo 0 14 +-o 0 12 +oo 0 9 o-o 0 11 ooo 0 11 o-o 0 17 +oo 1 9 --- 1 7 -o- 1 11 oo- 1 13 oo- 1 8 ooo 1 8 -oo 1 16 oo- 1 6 o+o 1 6 ooo 1 10 o+o 1 16 ooo 1 9 oo- 1 13 ooo 1 15 +oo 1 14 ++o 2 11 ooo 2 17 -oo 2 6 ooo 2 7 oo+ 2 13 -oo 2 12 ooo 2 14 ooo 2 8 ooo 2 10 o+o 2 16 ooo 3 11 ooo 3 8 ooo 3 6 +oo 3 16 o-o 3 10 oo- 3 7 oo- 3 12 ooo 3 15 oo- 3 9 ooo 3 11 +oo 3 17 +oo 4 10 -oo 4 12 o-o 4 13 ooo 4 6 o-o 4 9 ooo 5 15 ooo 5 8 ooo 5 14 oo+ 5 17 ooo 5 16 ooo 5 12 +oo 6 12 ooo 6 14 o+o 7 10 --o 7 11 ooo 7 16 ooo 8 17 ooo 13 15 o-o 11 17 o+o 12 17 +oo 14 16 ooo 13 16 ooo 14 16 ooo 15 17 +oo 15 17 oo+
2.0,Rb Rb Rb Rb Ca Ca Ca Ca Sn Sn O O O O O O 0 10 oo- 0 4 o-o 0 4 ooo 0 8 ooo 0 11 +o- 0 1 +o- 0 5 oo- 0 7 ooo 0 9 oo- 0 9 ooo 0 8 oo- 0 15 ooo 0 11 +o- 0 12 +oo 1 9 o-o 1 9 o-+ 1 12 ooo 1 10 -o+ 1 11 oo+ 1 7 -oo 1 14 ooo 1 4 -oo 1 11 -oo 1 13 ooo 1 6 ooo 1 15 o-o 1 10 ooo 1 8 oo+ 2 14 oo- 2 8 -oo 2 15 -o- 2 13 -+- 2 12 o+- 2 13 ooo 2 10 o+o 2 14 o+o 2 6 oo- 2 6 ooo 2 10 o+- 2 11 o+- 2 15 ooo 2 12 o+o 2 9 o+o 3 12 o-o 3 14 o-o 3 9 ooo 3 11 +oo 3 9 ooo 3 8 ooo 3 13 +oo 3 5 o-o 3 5 +o+ 3 5 oo+ 3 15 +oo 3 10 +o+ 3 11 +o+ 4 11 ooo 4 15 ooo 4 12 ooo 4 13 ooo 4 15 o-o 4 11 ooo 5 13 ooo 5 13 -oo 5 14 ooo 5 12 ooo 5 14 ooo 5 14 +oo 6 15 -oo 6 14 ooo 6 10 ooo 6 9 +oo 6 13 ooo 6 8 ooo 6 12 o+o 7 12 ooo 7 14 o-o 7 15 -oo 7 10 -oo 7 12 -oo 7 15 ooo 7 15 ooo 8 14 ooo 8 9 ooo 9 15 ooo 13 14 +oo
2.0,K K Cr V Cl Cl Cl Cl Cl Cl 0 8 ooo 0 8 o+o 0 4 oo+ 0 4 o+o 0 6 ooo 0 6 +oo 0 5 o+o 0 5 +oo 0 7 oo+ 0 7 +oo 0 9 ooo 0 9 oo+ 1 5 oo- 1 5 ooo 1 7 o-o 1 7 ooo 1 4 -oo 1 4 ooo 1 6 o-o 1 6 oo- 1 8 -oo 1 8 oo- 1 9 -oo 1 9 o-o 2 5 ooo 2 7 ooo 2 6 ooo 2 4 ooo 2 8 ooo 2 9 ooo 3 9 --o 3 8 -o- 3 4 -oo 3 6 o-- 3 7 o-o 3 5 oo-
2.0,Li Li Sb Sb P 0 1 --o 0 1 -oo 0 1 o-o 0 1 ooo 0 1 -o- 0 1 -oo 0 4 oo- 0 4 ooo 0 4 o-- 0 4 o-o 0 2 oo- 0 2 ooo 1 2 ooo 1 2 +oo 1 2 oo+ 1 2 o+o 1 2 o+o 1 2 oo+ 1 3 --o 2 3 -oo 1 3 -oo 1 3 o-o 1 3 oo- 1 3 ooo 1 4 ooo 1 4 oo+ 2 4 o+o 2 4 o++ 2 4 +oo 2 3 --o 2 3 -o-
2.0,Na Na Na Na Na In Mo W O O O O O O O O 0 11 ooo 0 15 oo- 0 12 ooo 0 10 oo- 0 9 ooo 0 13 ooo 1 10 ooo 1 8 ooo 1 8 ooo 1 13 ooo 1 12 oo+ 1 14 oo+ 2 12 -oo 2 8 -oo 2 15 -oo 2 11 -oo 2 14 ooo 2 15 ooo 2 11 ooo 2 9 oo+ 2 9 ooo 2 10 ooo 3 13 o-o 3 14 o-+ 3 15 ooo 3 8 +oo 3 14 ooo 3 13 o-o 3 13 ooo 3 8 oo+ 4 8 oo- 4 14 o+o 4 9 o+o 4 10 ooo 4 11 +oo 4 12 o+o 4 15 ooo 5 13 o-o 5 10 ooo 5 11 -oo 5 8 ooo 5 12 o-o 5 15 ooo 6 9 -oo 6 12 -oo 6 13 -o- 6 8 -oo 6 11 -oo 6 15 ooo 7 11 oo- 7 14 o-- 7 14 o-o 7 10 oo- 7 9 o-o 7 12 oo- 7 8 ooo
2.0,Ca Ca Ca Ca Dy Dy S S S S S S S S 0 13 --o 0 11 -oo 0 7 -oo 0 6 o-- 0 12 o-o 0 8 oo- 0 9 ooo 1 9 -oo 1 10 -oo 1 13 -oo 1 7 ooo 1 8 ooo 1 11 ooo 1 6 ooo 2 12 o-o 2 6 oo- 2 7 oo- 2 11 ooo 2 13 ooo 2 10 oo- 3 9 o-o 3 8 ooo 3 6 oo+ 3 11 oo+ 3 10 ooo 3 12 ooo 4 13 -oo 4 8 ooo 4 12 -o+ 4 12 ooo 4 10 ooo 4 11 oo+ 5 12 o-o 5 11 o-o 5 7 o-+ 5 13 oo- 5 13 o-o 5 9 +oo
2.0,Y Y Mg Mg Mn Mn W W O O O O O O O O O O O O 0 19 o-o 0 8 o-o 0 16 ooo 0 11 oo+ 0 12 o-o 0 10 ooo 0 17 ooo 0 14 ooo 1 9 --o 1 18 ooo 1 13 -o- 1 11 ooo 1 9 -oo 1 15 ooo 1 13 ooo 1 17 ooo 2 16 oo- 2 13 ooo 2 15 ooo 2 10 ooo 2 8 ooo 2 18 +oo 3 14 -oo 3 17 -oo 3 8 -oo 3 9 ooo 3 12 ooo 3 11 ooo 4 14 ooo 4 19 oo- 4 13 ooo 4 18 oo- 4 9 ooo 4 15 oo- 5 16 ooo 5 15 ooo 5 12 ooo 5 10 ooo 5 8 ooo 5 11 ooo 6 16 --- 6 19 -o- 6 11 o-o 6 13 oo- 6 18 o-o 6 18 oo- 7 14 -oo 7 19 --o 7 17 -oo 7 15 ooo 7 13 ooo 7 12 ooo
2.0,Sr Sn O O 0 3 oo+ 0 3 o+o 0 3 +oo 0 3 o++ 0 2 +o+ 0 2 ++o 0 1 +++ 0 1 ooo 1 2 --- 1 2 -oo 1 2 o-- 1 2 ooo
2.0,Li Li Li Li V V V V F F F F F F F F F F F F 0 8 o-o 0 15 ooo 0 14 +-o 0 9 +oo 0 19 ooo 0 13 ooo 1 12 o-o 1 12 ooo 1 17 oo- 1 10 ooo 1 11 oo- 1 18 +oo 2 10 -oo 2 9 -oo 2 8 -oo 2 14 ooo 2 17 ooo 2 16 ooo 3 16 -oo 3 18 -o- 3 13 -oo 3 15 oo- 3 19 ooo 3 11 ooo 4 14 ooo 4 13 +oo 4 10 ooo 4 17 +oo 4 8 +oo 4 18 +o+ 5 11 -oo 5 15 -o- 5 12 -oo 5 19 ooo 5 9 ooo 5 16 ooo 6 19 --o 6 17 o-o 6 14 ooo 6 10 ooo 6 12 oo+ 6 8 ooo 7 9 --o 7 18 ooo 7 11 --- 7 13 o-- 7 8 ooo 7 10 ooo
2.0,Dy Dy V V O O O O O O O O 0 6 oo- 0 7 oo- 0 11 oo- 0 5 +oo 0 10 oo- 0 4 ooo 1 8 --- 1 9 -oo 1 10 o-- 1 7 ooo 1 4 o-- 1 5 ooo 2 10 -oo 2 9 -oo 2 4 o-o 2 6 ooo 3 9 ooo 3 6 ooo 3 11 ooo 3 8 ooo
2.0,Rb K Mn F F F F 0 3 o-- 0 3 -o- 0 3 -oo 0 4 ooo 0 6 oo- 0 5 o-o 0 5 ooo 0 6 -oo 0 6 o-o 1 3 -oo 1 6 -oo 1 6 -oo 1 5 ooo 1 4 oo+ 1 3 o++ 1 4 +oo 1 4 +o+ 1 5 ++o 1 5 +o+ 1 3 o+o 2 5 -oo 2 5 o-o 2 4 ooo 2 6 oo+ 2 3 +o+ 2 4 o-+ 3 6 -oo 3 6 o-+ 3 5 o-o 3 5 -o+ 3 4 o-+ 3 4 ooo 4 6 -oo 4 6 o-o 4 6 ooo 4 6 oo+
2.0,Ba Ba Y Y Co O O O O O O 0 10 oo- 0 7 oo- 0 10 o+o 0 8 o+- 0 10 ++o 0 10 o+o 0 8 +oo 0 9 oo- 0 9 oo- 0 9 +o- 0 9 oo- 0 4 +o- 0 4 ooo 0 4 o+- 0 4 o+- 0 4 oo- 0 6 +oo 0 6 oo- 0 6 o+o 0 6 o+o 0 5 +oo 0 5 ooo 0 5 +o- 0 8 +oo 1 5 oo- 1 5 oo- 1 8 o-o 1 7 -oo 1 7 ooo 1 7 -o+ 1 8 o-+ 1 9 ooo 1 5 ooo 1 9 oo+ 1 7 o-o 1 5 -o+ 1 6 -oo 1 10 o-+ 1 10 -oo 1 4 -oo 1 10 o-o 1 5 -oo 1 4 o-o 1 4 ooo 1 6 oo+ 1 4 o-o 1 5 +o+ 2 7 --o 2 9 -oo 2 5 o-o 2 9 o-o 2 6 ooo 2 10 -oo 2 4 ooo 2 7 oo+ 2 4 -o- 2 6 o-- 2 5 -oo 2 8 -oo 2 6 o-- 2 5 oo- 2 7 oo- 2 5 ooo 3 7 ooo 3 8 ooo 3 5 ooo 3 9 ooo 3 9 ooo 3 6 +oo 3 9 ooo 3 7 ooo 3 7 ooo 4 7 oo+ 4 7 oo+ 4 5 +oo 5 8 o+o 6 10 o-o 6 5 +oo 7 9 oo+ 8 9 oo-
2.0,Na Na V V P P O O O O O O O O 0 13 --- 0 10 oo- 0 11 ooo 0 12 ooo 0 9 -oo 0 6 o-o 0 7 --o 0 8 ooo 1 8 o-o 1 13 o-o 1 9 oo+ 1 6 oo+ 1 12 o-o 1 11 +o+ 1 10 +oo 1 11 +o+ 2 11 --- 2 6 -o- 2 7 o-o 2 10 o-- 2 8 ooo 3 7 oo- 3 9 oo- 3 10 oo- 3 9 oo- 3 13 ooo 4 6 ooo 4 11 ooo 4 12 ooo 4 13 ooo 5 8 ooo 5 7 ooo 5 10 ooo 5 12 ooo
2.0,K K K K K K N N O O O O O O 0 11 -oo 0 9 -oo 0 9 o+o 0 8 -oo 0 8 o+o 0 13 ooo 0 5 o+o 0 4 ooo 0 12 -oo 0 6 ooo 1 11 oo- 1 13 ooo 1 12 o-o 1 10 ooo 1 10 +oo 1 7 +oo 1 11 o-o 1 11 oo- 1 13 oo- 1 5 ooo 2 12 --o 2 7 --- 2 9 -oo 2 10 o-- 2 12 oo- 2 11 ooo 2 8 -oo 2 6 ooo 2 6 oo- 2 13 ooo 2 3 ooo 3 11 ooo 3 10 oo+ 3 10 +o+ 3 8 ooo 3 9 o-o 3 4 o-o 3 7 ooo 3 5 oo+ 3 4 +o+ 3 6 o-o 3 7 o-o 4 10 o-o 4 13 +o+ 4 12 o-o 4 8 +oo 4 11 o-o 4 9 +o+ 5 10 -oo 5 13 ooo 5 12 oo+ 5 12 -oo 5 11 ooo 5 11 -oo 6 13 -oo 6 13 o+o 6 8 ooo 6 10 ooo 7 12 ooo 7 9 ooo 7 12 ooo 7 11 ooo
2.0,Mn Mn Co Si P P O O O O O O O O 0 12 -oo 0 9 -oo 0 11 oo- 0 13 ooo 1 10 --- 1 8 --o 1 7 -o- 1 6 o-o 1 13 oo- 1 11 ooo 2 7 o-o 2 12 o-o 2 6 ooo 2 10 o-o 2 8 ooo 2 9 ooo 2 13 ooo 2 12 ooo 3 6 -oo 3 7 -oo 3 11 -oo 3 9 ooo 3 10 ooo 3 8 ooo 3 10 ooo 3 11 o+o 4 8 ooo 4 11 ooo 4 10 ooo 4 12 ooo 4 7 ooo 4 6 ooo 5 6 ooo 5 13 oo- 5 9 oo- 5 11 oo- 5 12 ooo 5 8 ooo
2.0,Cs Cs Co F F F F F F F 0 9 ooo 0 9 oo+ 0 4 ooo 0 4 o+o 0 6 ooo 0 6 +oo 0 7 oo+ 0 7 +oo 0 8 ooo 0 8 oo+ 0 5 o+o 0 5 +oo 1 7 o-o 1 7 ooo 1 6 o-o 1 6 oo- 1 8 -oo 1 8 ooo 1 9 -oo 1 9 o-o 1 4 -oo 1 4 oo- 1 5 oo- 1 5 ooo 2 7 --o 2 6 -o- 2 5 -oo 2 4 o-- 2 8 o-o 2 9 oo- 3 9 ooo 3 8 ooo 3 6 ooo 3 5 ooo 3 4 ooo 3 7 ooo
2.0,Na Cd W W O O O O O O 0 5 ooo 0 9 oo+ 0 4 ooo 0 6 ooo 0 8 ooo 0 7 ooo 1 8 oo- 1 4 ooo 1 7 o-o 1 6 o-o 1 9 oo- 1 5 ooo 2 6 --o 2 7 -oo 2 6 o-o 2 9 oo- 2 8 -oo 2 5 o-o 2 4 oo- 2 4 ooo 3 5 --o 3 5 --o 3 8 -oo 3 6 o-o 3 9 o-o 3 7 ooo
2.0,Al Al P P Se Se Se Se S S S S 0 4 --o 0 9 o-o 0 7 -oo 0 5 o-o 0 6 ooo 1 6 oo- 1 11 o+- 1 10 o+o 1 8 o+o 1 7 +o- 1 5 +o- 1 4 +oo 2 11 ooo 2 7 ooo 2 4 ooo 2 10 oo- 2 5 ooo 2 6 ooo 3 9 ooo 3 8 o-o 3 10 o-+ 3 11 oo+ 3 6 ooo 3 5 ooo
2.0,Ca Ca La La C C C C N N N N N N N N 0 14 -oo 0 13 -oo 0 13 ooo 0 13 ooo 0 14 ooo 0 14 o-o 1 10 --o 1 15 o-o 1 15 ooo 1 15 o-o 1 12 oo+ 1 12 ooo 2 8 ooo 2 8 ooo 2 14 +oo 2 13 ooo 2 12 +oo 2 11 oo- 2 9 +oo 3 9 oo+ 3 9 oo- 3 8 o+o 3 10 ooo 3 15 ++o 3 10 ++o 4 12 oo+ 5 15 ooo 5 11 o+o 6 11 ooo 6 14 ooo 7 14 o+o 7 13 oo+ 8 12 ooo 9 15 ooo
2.0,Rb Rb La Nb I I I I I I 0 9 ooo 0 9 oo+ 0 8 ooo 0 8 o+o 0 6 ooo 0 6 +oo 0 7 oo+ 0 7 +oo 0 4 oo+ 0 4 +oo 0 5 o+o 0 5 +oo 1 7 o-o 1 7 ooo 1 6 o-o 1 6 oo- 1 4 -oo 1 4 ooo 1 9 -oo 1 9 o-o 1 8 -oo 1 8 oo- 1 5 oo- 1 5 ooo 2 5 ooo 2 7 ooo 2 6 ooo 2 4 ooo 2 8 ooo 2 9 ooo 3 9 --o 3 8 -o- 3 4 -oo 3 6 o-- 3 7 o-o 3 5 oo-
2.0,Ca Ca Ca Ca Ca Ca Ge Ge O O O O O O O O O O O O 0 15 ooo 0 16 ooo 0 14 ooo 0 16 ooo 0 17 +oo 0 11 +oo 0 12 ooo 0 17 +oo 1 19 o-o 1 15 ooo 1 18 +-o 1 14 ooo 1 10 o-o 1 11 ooo 1 13 ooo 1 10 ooo 2 9 oo- 2 12 -oo 2 19 -+o 2 18 ooo 2 16 oo- 2 15 ooo 2 8 ooo 2 13 o+o 3 18 ooo 3 8 ooo 3 8 +oo 3 14 +oo 3 11 +oo 3 9 ooo 3 9 ooo 3 19 ooo 4 13 oo+ 4 10 o+o 4 16 o++ 4 8 ooo 4 12 ooo 4 15 ooo 5 11 ooo 5 17 oo+ 5 10 ooo 5 12 ooo 5 18 ooo 5 13 ooo 6 8 -oo 6 19 -oo 6 12 ooo 6 17 oo- 6 14 ooo 6 15 ooo 7 9 ooo 7 16 oo- 7 13 ooo 7 12 ooo 7 11 ooo 7 18 ooo
2.0,Rb Rb Ta Ta Cl Cl Cl Cl Cl Cl Cl Cl Cl Cl Cl Cl 0 9 ooo 0 10 ooo 0 6 ooo 0 6 +oo 0 8 ooo 0 7 o+o 0 4 oo+ 0 4 ooo 0 5 -oo 0 5 o-o 0 11 ooo 0 11 ooo 1 7 -oo 1 7 ooo 1 5 ooo 1 5 ooo 1 4 oo- 1 4 ooo 1 12 o-o 1 13 ooo 1 6 ooo 1 9 o-o 1 8 ooo 1 10 ooo 1 9 ooo 1 15 ooo 1 8 ooo 1 14 ooo 2 14 --- 2 8 --o 2 12 -o- 2 11 o-o 2 6 oo- 2 15 --o 2 13 o-o 2 14 ooo 3 7 -oo 3 4 -oo 3 9 -oo 3 5 o-- 3 13 o-o 3 15 ooo 3 10 o-o 3 11 ooo
2.0,Bi Bi Bi Bi Bi Bi Bi Bi O O O O O O O O O O O O 0 17 -o- 0 18 -oo 0 8 -+o 0 16 ooo 0 9 o+o 1 11 ooo 1 13 ooo 1 12 +-o 1 10 ooo 1 15 +oo 2 19 ooo 2 9 oo+ 2 16 ooo 2 14 ooo 3 8 ooo 3 14 ooo 3 12 ooo 3 11 ooo 4 11 --o 4 8 -oo 4 17 -o+ 4 13 o-o 4 16 oo+ 5 17 oo+ 5 15 ooo 5 9 ooo 5 18 ooo 5 10 ooo 6 14 o-o 6 13 ooo 6 8 oo+ 6 12 ooo 7 12 oo- 7 9 ooo 7 15 ooo 7 18 ooo 7 10 +oo 7 19 ooo 12 13 ooo 16 19 o+o 14 15 ooo 14 18 o-o
2.0,K K Nd Nd Mn Mn O O O O O O O O 0 9 -oo 0 11 -oo 0 9 -oo 0 10 -oo 0 5 -oo 0 5 -oo 0 5 o+o 0 12 ooo 0 6 ooo 0 8 ooo 0 13 oo+ 0 11 ooo 0 8 ooo 0 10 oo+ 1 10 oo- 1 9 ooo 1 9 o-- 1 6 o-o 1 12 +oo 1 13 o-o 1 11 ooo 1 11 o-- 1 13 o-o 1 8 ooo 1 7 o-o 1 7 oo+ 1 12 o-o 1 5 o-o 2 13 --- 2 13 -o- 2 12 o-- 2 12 --- 2 8 oo- 2 10 ooo 2 10 o-- 2 11 o-o 2 6 -oo 2 3 o-- 2 9 ooo 3 7 oo- 3 6 oo- 3 6 oo- 3 11 ooo 3 7 ooo 3 8 oo- 3 9 ooo 3 10 oo- 3 11 +oo 3 8 oo- 3 13 o+o 4 8 -oo 4 10 -oo 4 11 ooo 4 9 ooo 4 7 o-o 4 12 ooo 5 6 ooo 5 12 ooo 5 7 ooo 5 9 ooo 5 13 ooo 5 10 ooo
2.0,Ho Ho Ho Ho Cd Se Se Se Se Se Se Se 0 5 o-o 0 4 o-o 0 6 ooo 0 8 -oo 0 11 +oo 1 9 -oo 1 9 o+o 1 7 oo- 1 6 oo- 1 5 ooo 2 11 ooo 2 11 o+o 2 5 ooo 2 7 ooo 2 10 o+o 2 10 ooo 3 4 --o 3 6 -oo 3 8 o-o 3 4 ooo 3 7 oo+ 3 9 o-o 4 6 ooo 4 11 ooo 5 10 ooo 5 8 oo+ 6 11 --o 7 10 -oo
2.0,Sr Sr La Ta Nb Nb Nb Nb O O O O O O O O O O O O 0 10 o-o 0 9 -oo 0 15 o-+ 0 17 ooo 0 14 o-+ 0 16 oo+ 0 8 oo+ 0 12 o-o 0 13 oo+ 0 11 o-+ 0 15 oo+ 0 11 ooo 0 19 oo+ 1 11 ooo 1 8 oo- 1 9 oo- 1 12 ooo 1 13 oo- 1 16 ooo 1 15 +oo 1 10 ooo 1 10 ooo 1 14 +oo 1 18 +oo 1 9 ++o 1 14 ++o 1 17 +oo 1 12 +oo 2 16 -o- 2 11 -oo 2 19 -oo 2 18 -oo 2 18 ooo 2 8 ooo 2 19 ooo 2 10 ooo 2 15 ooo 2 13 ooo 2 17 ooo 2 16 o+o 3 18 ooo 3 11 ooo 3 9 oo+ 3 14 o+o 3 15 o+o 3 8 o++ 3 13 ooo 3 10 ooo 3 12 o+o 3 19 ++o 3 18 ooo 3 17 o+o 4 10 ooo 4 18 ooo 4 17 ooo 4 12 ooo 4 13 ooo 4 11 ooo 4 12 ooo 4 9 +oo 4 8 ooo 4 16 oo+ 5 13 ooo 5 11 ooo 5 9 oo- 5 14 ooo 5 10 oo- 5 8 ooo 5 14 ooo 5 16 o+- 5 12 o+o 6 10 ooo 6 15 o-o 6 15 o-o 6 9 ooo 6 18 o-o 7 13 ooo 7 11 -oo 7 19 -oo 7 12 ooo 7 17 o-o 7 8 -oo 8 18 --o 12 15 -oo 13 19 -oo 15 17 -oo 16 17 o-o 16 19 ooo
2.0,Cs Cs Ce Tc I I I I I I 0 8 ooo 0 8 o+o 0 4 oo+ 0 4 o+o 0 6 ooo 0 6 +oo 0 5 o+o 0 5 +oo 0 7 oo+ 0 7 +oo 0 9 ooo 0 9 oo+ 1 5 oo- 1 5 ooo 1 7 o-o 1 7 ooo 1 4 -oo 1 4 ooo 1 6 o-o 1 6 oo- 1 8 -oo 1 8 oo- 1 9 -oo 1 9 o-o 2 5 ooo 2 7 ooo 2 6 ooo 2 4 ooo 2 8 ooo 2 9 ooo 3 9 --o 3 8 -o- 3 4 -oo 3 6 o-- 3 7 o-o 3 5 oo-
2.0,Zn Zn Zn Zn P P 0 5 --o 0 5 ooo 0 1 ++o 0 1 +oo 0 1 o+o 0 1 +++ 0 1 o+o 0 3 ooo 1 2 ++o 2 2 oo- 2 2 --o 2 4 -oo 2 4 o-o 2 4 ooo 3 4 --o 3 5 ooo 3 5 o-o 3 5 -oo
2.0,K In Br Br Br 0 4 --o 0 4 -o- 0 4 -oo 0 4 o-- 0 3 o-o 0 3 oo- 0 2 ooo 1 2 ooo 1 2 ooo 1 3 ooo 1 3 ooo 1 3 o+o 1
2.0,Dy Dy Dy Dy Dy Dy Fe Fe O O O O O O O O O O O O 0 13 -oo 0 15 -oo 0 19 ooo 0 8 ooo 0 12 ooo 0 17 o+o 1 12 o-o 1 9 oo- 1 14 oo- 1 9 ooo 1 18 oo- 1 11 +oo 2 14 ooo 2 17 oo+ 2 10 ooo 2 15 o-o 2 13 o-o 2 19 o-o 2 16 ooo 2 15 ooo 2 8 o-o 3 18 ooo 3 18 ooo 3 19 oo- 3 12 ooo 3 16 o+o 3 13 o+o 3 11 ooo 3 14 ooo 3 10 ooo 4 16 --o 4 12 -oo 4 19 -oo 4 18 -o+ 4 8 ooo 4 12 ooo 4 9 oo+ 4 8 ooo 5 15 o-o 5 13 ooo 5 17 o-o 5 11 ooo 5 10 ooo 5 14 o-o 5 18 ooo 5 13 +oo 6 16 -oo 6 10 o+o 6 15 oo+ 6 19 o+o 6 8 o+o 6 17 ooo 6 10 ooo 6 18 oo+ 7 11 ooo 7 11 oo- 7 14 o+o 7 12 ooo 7 19 oo- 7 15 ooo 7 9 +oo 7 16 ++o 8 15 -oo 8 13 ooo
2.0,Sr Mn Mn W O O O O O O 0 8 --o 0 8 -o- 0 7 o-o 0 7 oo- 0 9 -oo 0 9 o-- 0 5 o-o 0 4 oo- 1 6 oo+ 1 6 oo+ 1 9 o+o 1 7 +oo 1 4 +oo 1 4 o+o 1 8 oo+ 1 5 +oo 1 6 oo+ 1 5 +oo 2 4 ooo 2 9 ooo 2 7 ooo 2 7 ooo 2 6 ooo 2 8 ooo 3 4 o-o 3 6 oo- 3 9 -oo 3 5 -oo 3 8 o-o 3 7 ooo
2.0,Sr Sr La Nb O O O O O O 0 9 ooo 0 9 o+o 0 8 oo+ 0 8 o+o 0 6 ooo 0 6 +oo 0 7 o+o 0 7 +oo 0 4 oo+ 0 4 +oo 0 5 ooo 0 5 oo+ 1 7 oo- 1 7 ooo 1 6 o-o 1 6 ooo 1 4 -oo 1 4 ooo 1 9 o-o 1 9 oo- 1 8 -oo 1 8 oo- 1 5 -oo 1 5 o-o 1 5 ooo 1 7 ooo 2 6 ooo 2 4 ooo 2 8 ooo 2 9 ooo 2 9 ooo 2 8 ooo 3 6 --o 3 6 -o- 3 7 -oo 3 5 o-- 3 4 o-o 3 5 oo-
2.0,Cs Cs Al Al Cl Cl Cl Cl Cl Cl 0 8 ooo 0 8 o+o 0 4 oo+ 0 4 o+o 0 6 ooo 0 6 +oo 0 5 o+o 0 5 +oo 0 7 oo+ 0 7 +oo 0 9 ooo 0 9 oo+ 1 5 oo- 1 5 ooo 1 7 o-o 1 7 ooo 1 4 -oo 1 4 ooo 1 6 o-o 1 6 oo- 1 8 -oo 1 8 oo- 1 9 -oo 1 9 o-o 2 9 --o 2 8 -o- 2 4 -oo 2 6 o-- 2 7 o-o 2 5 oo- 3 5 ooo 3 7 ooo 3 6 ooo 3 4 ooo 3 8 ooo 3 9 ooo
2.0,Ca Ca Fe O O 0 4 oo- 0 4 o+o 0 3 oo- 0 3 +oo 0 2 oo- 0 2 ++o 0 2 ooo 1 4 --- 1 4 -oo 1 4 o-o 1 3 oo+ 1 3 ooo 1 2 +o+ 1 2 +++ 1 3 --- 2 3 o-o 2 3 --- 2 4 -oo 2 4 o-- 2 4 ooo
2.0,Rb Rb Na Mo Br Br Br Br Br Br 0 8 ooo 0 8 o+o 0 4 oo+ 0 4 o+o 0 6 ooo 0 6 +oo 0 5 o+o 0 5 +oo 0 7 oo+ 0 7 +oo 0 9 ooo 0 9 oo+ 1 5 oo- 1 5 ooo 1 7 o-o 1 7 ooo 1 4 -oo 1 4 ooo 1 6 o-o 1 6 oo- 1 8 -oo 1 8 oo- 1 9 -oo 1 9 o-o 2 5 ooo 2 7 ooo 2 6 ooo 2 4 ooo 2 8 ooo 2 9 ooo 3 9 --o 3 8 -o- 3 4 -oo 3 6 o-- 3 7 o-o 3 5 oo-
3.0,Sr Sr Sr Sr H H H H H H O O O O 0 10 -oo 0 5 -oo 0 12 -oo 0 12 ooo 0 9 -oo 0 8 ooo 0 11 ooo 0 11 ooo 1 11 ooo 1 11 ooo 1 11 ooo 1 6 +oo 1 5 ooo 1 13 ooo 1 13 o-o 1 13 oo+ 2 13 oo- 2 13 o+o 2 13 ooo 2 8 oo- 2 10 oo- 2 13 +o- 2 9 +oo 2 6 ooo 2 6 oo- 2 11 ooo 2 8 oo- 2 10 ooo 3 10 ooo 3 12 o-o 3 9 +oo 3 10 ooo 3 12 +oo 3 12 +oo 3 11 o-o 3 4 +oo 3 7 ooo 3 8 ooo 4 9 ooo 4 9 ooo 4 11 o+o 5 10 o-o 5 12 --o 5 8 ooo 6 13 ooo 7 11 o-o 8 11 ooo 9 10 ooo 10 13 oo+ 11 12 ooo
3.0,Na Li V V Si Si Si Si O O O O O O O O O O O O 0 16 -oo 0 17 ooo 0 18 oo- 0 19 ooo 0 15 ooo 0 17 ooo 1 15 ooo 1 14 ooo 1 16 +oo 1 13 +oo 1 12 +oo 1 8 oo+ 2 13 ooo 2 18 o+o 2 11 ooo 2 8 ooo 2 12 o+o 2 19 o+o 3 16 oo+ 3 18 -oo 3 9 ooo 3 9 o-o 3 12 ooo 3 11 o-o 4 10 ooo 4 8 oo+ 4 10 oo- 4 14 o+o 5 12 ooo 5 13 ooo 5 16 ooo 5 11 ooo 6 9 o-o 6 15 ooo 6 8 ooo 6 18 ooo 7 15 -oo 7 19 oo- 7 17 ooo 7 13 ooo
3.0,Li Li Li Li Mo W W W O O O O O O O O O O O O 0 19 -oo 0 18 ooo 0 13 o+o 0 17 ooo 1 18 ooo 1 17 ooo 1 11 o-o 1 8 ooo 1 16 ooo 2 8 ooo 2 19 ooo 2 14 o+o 2 13 ooo 2 12 o+o 3 12 --o 3 14 -oo 3 15 -oo 3 9 o-- 3 10 o-o 3 15 ooo 4 8 -oo 4 13 -o- 4 16 -oo 4 12 oo- 4 11 -oo 4 9 ooo 4 10 ooo 4 12 ooo 4 15 oo- 4 14 ooo 5 15 ooo 5 10 ooo 5 18 ooo 5 16 ooo 5 11 +oo 5 14 +oo 6 10 ooo 6 19 ooo 6 8 ooo 6 17 ooo 6 15 ooo 6 12 ooo 7 12 ooo 7 18 oo+ 7 11 oo+ 7 16 ooo 7 18 +oo 7 19 o-o 8 12 ooo 8 13 ooo 8 11 oo+ 8 18 o-+ 8 14 ooo 8 11 ooo 9 15 -oo 9 18 ooo 9 13 ooo 9 19 -oo 9 10 oo- 10 17 ooo
3.0,Ta Ta Ta B O O O O O O 0 4 -oo 0 6 o-o 0 5 o-o 0 8 -oo 0 7 oo- 0 9 ooo 1 9 ooo 1 8 ooo 1 7 oo+ 1 4 ooo 1 6 ooo 1 5 ooo 1 8 oo+ 1 7 +oo 2 4 ooo 2 6 oo+ 2 6 o+o 2 9 ooo 3 7 oo- 3 5 ooo 3 4 ooo 3 8 ooo
3.0,Cs Cs Ba In Cl Cl Cl Cl Cl Cl 0 9 ooo 0 9 oo+ 0 8 ooo 0 8 o+o 0 6 ooo 0 6 +oo 0 7 oo+ 0 7 +oo 0 4 oo+ 0 4 o+o 0 5 o+o 0 5 +oo 1 7 o-o 1 7 ooo 1 6 o-o 1 6 oo- 1 4 -oo 1 4 ooo 1 9 -oo 1 9 o-o 1 8 -oo 1 8 oo- 1 5 oo- 1 5 ooo 2 5 ooo 2 7 ooo 2 6 ooo 2 4 ooo 2 8 ooo 2 9 ooo 3 9 --o 3 8 -o- 3 4 -oo 3 6 o-- 3 7 o-o 3 5 oo-
3.0,Sc Tl Tl Bi Br Br Br Br Br Br 0 8 ooo 0 8 o+o 0 4 oo+ 0 4 o+o 0 6 ooo 0 6 +oo 0 5 o+o 0 5 +oo 0 7 oo+ 0 7 +oo 0 9 ooo 0 9 oo+ 1 5 oo- 1 5 ooo 1 7 o-o 1 7 ooo 1 4 -oo 1 4 ooo 1 6 o-o 1 6 oo- 1 8 -oo 1 8 oo- 1 9 -oo 1 9 o-o 2 5 ooo 2 7 ooo 2 6 ooo 2 4 ooo 2 8 ooo 2 9 ooo 3 9 --o 3 8 -o- 3 4 -oo 3 6 o-- 3 7 o-o 3 5 oo-
3.0,Ho Ho S S O O O 0 3 ooo 0 3 o+o 0 6 oo+ 0 5 ooo 0 2 +oo 0 4 ++o 0 1 +++ 1 4 ooo 1 6 -oo 1 4 ooo 1 5 oo- 1 6 o-o 1 5 oo- 1 3 +oo 1 3 oo- 1 5 ooo 2 6 -o- 2 5 o+o 2 4 o-o 2 3 oo- 2 3 -oo 2 6 oo- 2 4 o-o 2 5 ooo
3.0,Cd C 0 1 --- 0 1 --o 0 1 -oo 0 1 o-- 0 1 o-o 0 1 oo-
3.0,K Nb O O F 0 3 ooo 0 3 oo+ 0 3 o+o 0 3 +oo 0 2 o++ 0 2 +o+ 0 2 ++o 0 2 +++ 0 4 ooo 0 4 oo+ 0 4 +oo 0 4 +o+ 0 4 +++ 0 1 o++ 0 1 +o+ 0 1 +++ 0 1 +++ 1 4 ooo 1 2 ooo 1 2 --o 1 2 o-- 1 3 o-o 1 3 oo-
3.0,Li Li Cd Cd P P P P O O O O O O O O O O O O 0 12 -oo 0 14 -oo 0 9 ooo 0 11 ooo 0 10 ooo 1 15 ooo 1 14 ooo 1 8 +oo 1 13 +o+ 1 16 ooo 2 19 oo+ 2 15 oo+ 2 18 o+o 2 8 ooo 2 17 ooo 2 10 ooo 3 13 ooo 3 12 ooo 3 18 ooo 3 11 ooo 3 14 ooo 3 15 ooo 4 16 o-o 4 8 ooo 5 9 ooo 5 10 ooo 5 17 ooo 6 13 ooo 6 10 oo- 6 19 ooo 7 9 ooo 7 12 ooo 7 18 oo+
3.0,Ba Li W W O O O O O O 0 8 o-o 0 8 ooo 0 5 o-o 0 5 oo- 0 6 -oo 0 9 ooo 0 7 -oo 0 4 o-o 0 9 -oo 0 7 oo- 0 4 oo- 0 6 ooo 1 9 ooo 1 9 oo+ 1 7 ooo 1 7 o+o 1 5 ooo 1 5 +oo 1 8 oo+ 1 8 +oo 1 6 oo+ 1 6 +oo 1 4 o+o 1 4 +oo 2 9 --o 2 6 -o- 2 5 -oo 2 7 o-- 2 8 o-o 2 4 oo- 3 4 ooo 3 5 ooo 3 7 ooo 3 8 ooo 3 6 ooo 3 9 ooo
3.0,La La La La As As As As O O O O O O O O O O O O 0 12 o-o 0 12 o-o 0 11 ooo 0 15 o-+ 0 9 o-o 0 10 ooo 1 19 ooo 1 13 oo- 1 11 +o- 1 13 +o- 1 14 +o- 1 8 +oo 2 19 ooo 2 10 ooo 2 9 ooo 2 12 oo- 2 15 ooo 2 16 ooo 3 14 ooo 3 18 -oo 3 17 ooo 3 8 -o+ 3 11 -+o 3 13 ooo 4 9 ooo 4 11 ooo 4 15 ooo 4 18 ooo 4 8 ooo 4 13 +oo 5 9 ooo 5 14 ooo 5 8 ooo 5 10 ooo 5 15 oo- 5 12 ooo 6 10 -oo 6 18 ooo 6 19 ooo 6 14 ooo 6 16 ooo 6 11 ooo 7 17 ooo 7 19 ooo 7 9 oo+ 7 13 +oo 7 15 ooo 7 12 oo+
3.0,K K Y Y V V O O O O O O O O 0 7 o-o 0 7 +oo 0 6 ooo 0 13 o-o 0 9 +oo 0 10 oo+ 1 8 -oo 1 9 o+o 1 12 -oo 1 12 o+o 1 11 o+o 1 13 ooo 1 11 oo- 1 10 ooo 1 6 ooo 1 8 ooo 2 13 -oo 2 11 ooo 2 10 ooo 2 12 o-o 2 7 --o 2 9 --o 2 11 ooo 2 8 o-o 3 11 --- 3 8 ooo 3 7 --- 3 13 --o 3 10 -oo 3 6 o-- 3 12 ooo 3 10 ooo 4 11 ooo 4 9 ooo 4 6 ooo 4 10 ooo 4 9 ooo 4 13 ooo 5 8 ooo 5 7 ooo 5 6 ooo 5 11 ooo 5 12 ooo 5 13 ooo
3.0,Cs Cs Li Sc I I I I I I 0 9 ooo 0 9 oo+ 0 8 ooo 0 8 o+o 0 6 ooo 0 6 +oo 0 7 oo+ 0 7 +oo 0 4 oo+ 0 4 o+o 0 5 o+o 0 5 +oo 1 7 o-o 1 7 ooo 1 6 o-o 1 6 oo- 1 4 -oo 1 4 ooo 1 9 -oo 1 9 o-o 1 8 -oo 1 8 oo- 1 5 oo- 1 5 ooo 2 5 ooo 2 7 ooo 2 6 ooo 2 4 ooo 2 8 ooo 2 9 ooo 3 9 --o 3 8 -o- 3 4 -oo 3 6 o-- 3 7 o-o 3 5 oo-
3.0,Li Li Li V V F F F F F F F F F 0 12 o-o 0 8 o-+ 0 10 ooo 0 9 o-o 0 13 ooo 1 11 -oo 1 12 ooo 1 5 oo- 1 6 oo- 1 8 ooo 2 10 ooo 2 12 ooo 2 11 ooo 2 13 oo+ 2 9 o+o 2 6 o++ 3 7 ooo 3 9 ooo 3 11 oo+ 3 10 ooo 3 13 ooo 3 6 ooo 4 12 ooo 4 7 ooo 4 8 ooo 4 6 oo- 4 5 +oo 4 11 oo-
3.0,K K Na Ce I I I I I I 0 8 ooo 0 8 o+o 0 4 oo+ 0 4 o+o 0 6 ooo 0 6 +oo 0 5 o+o 0 5 +oo 0 7 oo+ 0 7 +oo 0 9 ooo 0 9 oo+ 1 5 oo- 1 5 ooo 1 7 o-o 1 7 ooo 1 4 -oo 1 4 ooo 1 6 o-o 1 6 oo- 1 8 -oo 1 8 oo- 1 9 -oo 1 9 o-o 2 5 ooo 2 7 ooo 2 6 ooo 2 4 ooo 2 8 ooo 2 9 ooo 3 9 --o 3 8 -o- 3 4 -oo 3 6 o-- 3 7 o-o 3 5 oo-
3.0,Na La La La Mg Mg W W O O O O O O O O O O O O 0 18 -oo 0 13 -oo 0 14 -oo 0 10 ooo 0 11 ooo 0 9 ooo 0 17 ooo 0 19 ooo 1 16 oo- 1 18 ooo 1 15 +oo 1 15 +o- 1 17 ooo 1 14 +oo 1 19 +oo 1 12 o+o 2 8 -oo 2 11 ooo 2 9 oo- 2 13 -oo 2 15 oo- 2 18 ooo 2 12 ooo 2 10 ooo 3 8 ooo 3 9 o+o 3 8 ooo 3 12 o-o 3 16 ooo 3 14 ooo 3 15 +oo 3 11 ooo 4 13 -oo 4 11 -oo 4 17 -oo 4 19 -oo 4 8 ooo 4 13 ooo 5 15 ooo 5 16 ooo 5 11 ooo 5 12 ooo 5 9 ooo 5 17 ooo 6 18 ooo 6 16 oo+ 6 8 oo+ 6 12 ooo 6 18 ooo 6 10 ooo 7 13 oo- 7 14 ooo 7 19 oo- 7 11 ooo 7 10 o+- 7 9 oo-
3.0,Rb Rb Ta Ta Nb Cu O O O O O O O O 0 12 o-o 0 12 o-o 0 9 +oo 0 9 ooo 0 9 o-+ 0 13 +o+ 0 5 o-+ 0 5 o-+ 0 8 oo+ 0 8 +o+ 0 6 ooo 0 6 o-o 0 6 +oo 0 7 +o+ 1 10 o-- 1 10 -o- 1 7 ooo 1 8 -oo 1 13 -oo 1 5 o+o 1 12 ooo 1 13 o+o 1 4 oo- 1 11 ooo 1 11 ooo 1 9 o+o 1 7 ooo 1 13 oo- 1 11 ooo 1 10 ooo 2 13 --o 2 12 -oo 2 8 o-o 2 6 oo+ 2 8 -oo 2 9 ooo 2 7 --o 2 6 o-o 2 10 ooo 2 12 ooo 2 7 oo+ 2 11 ooo 3 10 -o- 3 9 -o- 3 11 oo- 3 12 ooo 3 6 ooo 3 8 ooo 3 8 oo- 3 5 ooo 3 11 ++o 3 13 ooo 4 11 -oo 4 10 o+o 4 7 ooo 4 13 ooo 4 10 o-- 4 9 ooo 4 6 ooo 4 6 o-- 4 12 --- 4 8 o-o 5 12 oo- 5 8 oo- 5 12 ooo 5 13 oo- 5 11 +oo 5 7 o+o 5 11 oo- 5 9 ++o
3.0,Na Mn Mn F F F F F 0 6 o-o 0 6 +oo 0 7 +oo 0 7 ooo 0 5 ooo 1 4 -oo 1 4 o+o 1 5 ooo 1 3 o+o 1 2 ooo 2 5 --o 2 6 -o- 2 7 o-- 2 4 ooo 3 5 -o- 3 7 ooo 3 6 ooo 3 6 o-- 3 7 ooo
3.0,Rb La W W O O O O O O 0 4 ooo 0 4 oo+ 0 6 ooo 0 7 oo+ 0 8 ooo 0 9 o+o 0 5 ooo 0 5 +oo 0 7 oo+ 0 7 +oo 0 6 o+o 0 8 +oo 1 5 o-o 1 5 ooo 1 7 o-o 1 7 oo- 1 6 -oo 1 6 ooo 1 8 -oo 1 8 oo- 1 9 -oo 1 9 o-o 1 4 oo- 1 4 ooo 2 5 ooo 2 6 ooo 2 8 ooo 2 9 ooo 2 7 ooo 2 4 ooo 3 4 --o 3 6 -o- 3 9 -oo 3 8 o-- 3 7 o-o 3 5 oo-
3.0,Zn Zn Zn Zn Zn Zn Zn Zn S S S S S S S S S S 0 16 ooo 0 15 ooo 0 10 ooo 0 17 ooo 1 16 ooo 1 17 ooo 1 11 +oo 1 12 ++o 2 12 -oo 2 13 ooo 2 16 ooo 2 14 ooo 3 11 --o 3 15 o-o 3 10 -oo 3 11 ooo 4 14 o-o 4 13 ooo 5 16 oo- 5 10 o-o 5 15 ooo 6 17 -oo 6 14 -oo 6 13 ooo 7 17 -oo 7 11 -oo 7 9 ooo 8 10 ooo 8 14 ooo 9 15 +oo
3.0,Ta Ta Ta Ta In In Ta Ta O O O O O O O O O O O O 0 13 oo- 0 9 oo- 0 19 ooo 0 14 ooo 0 12 o+o 0 18 oo- 0 8 ooo 0 15 oo- 1 16 -oo 1 9 -oo 1 14 -oo 1 17 -+o 1 17 ooo 1 11 ooo 1 13 ooo 1 12 ooo 2 16 o-o 2 9 o-o 2 19 ooo 2 13 o-o 2 14 ooo 2 11 ooo 2 18 o-o 2 15 ooo 3 17 o-- 3 8 oo- 3 10 ooo 3 15 ooo 3 10 +-o 3 12 ooo 3 16 +-o 3 11 +-o 4 17 oo- 4 18 ooo 4 15 ooo 4 8 ooo 4 14 oo+ 4 13 ooo 5 19 -oo 5 9 -o+ 5 19 -+o 5 12 ooo 5 16 ooo 5 11 ooo 6 8 -oo 6 11 ooo 6 15 -o+ 6 19 oo+ 6 18 ooo 6 10 ooo 7 13 o-- 7 9 o-o 7 12 oo- 7 14 o-o 7 18 ooo 7 17 oo-
3.0,Pb Pb Pb Pb Pb Pb Pb Cl O O O O O O O O 0 11 oo- 0 11 ooo 0 12 +o- 0 13 o+- 1 9 ooo 1 10 oo- 1 13 +oo 1 8 o+o 2 8 ooo 2 14 ooo 2 13 o+o 2 15 o+o 3 9 --o 3 14 ooo 3 12 ooo 3 15 o-o 3 10 ooo 4 12 oo+ 4 11 o-o 4 8 oo+ 4 14 ooo 4 15 +o+ 5 15 ooo 5 9 ooo 5 13 ooo 5 13 ooo 5 10 ooo 5 8 ooo 6 12 oo- 6 11 ooo 6 14 ooo 6 11 +oo 6 8 ooo 6 9 +o+ 7 13 ooo 7 15 oo- 7 12 oo+ 7 10 +o+ 7 9 ooo 7 10 ooo
3.0,Rb Rb In In Cl Cl Cl Cl Cl Cl 0 9 ooo 0 9 oo+ 0 8 ooo 0 8 o+o 0 6 ooo 0 6 +oo 0 7 oo+ 0 7 +oo 0 4 oo+ 0 4 +oo 0 5 o+o 0 5 +oo 1 7 o-o 1 7 ooo 1 6 o-o 1 6 oo- 1 4 -oo 1 4 ooo 1 9 -oo 1 9 o-o 1 8 -oo 1 8 oo- 1 5 oo- 1 5 ooo 2 5 ooo 2 7 ooo 2 6 ooo 2 4 ooo 2 8 ooo 2 9 ooo 3 9 --o 3 8 -o- 3 4 -oo 3 6 o-- 3 7 o-o 3 5 oo-
3.0,Al Al Fe Fe Si Si O O O O O O O O O O 0 14 o-o 0 10 -oo 0 9 oo+ 0 12 ooo 1 13 +oo 1 15 o+o 1 11 ++o 1 8 ooo 2 6 ooo 2 6 ooo 2 14 +oo 2 13 ooo 2 7 o+o 3 9 oo+ 3 7 ooo 3 8 -oo 3 10 ooo 3 6 o-o 4 9 ooo 4 11 ooo 4 6 ooo 4 13 ooo 4 12 +oo 4 11 ooo 5 8 o-o 5 6 -oo 5 7 oo- 5 15 ooo 5 14 oo-
3.0,Lu Lu Zn Zn F F F F F F F F 0 11 -oo 0 11 -oo 0 9 -oo 0 8 ooo 0 10 ooo 0 7 ooo 0 6 o+o 1 4 o-o 1 7 oo- 1 10 ooo 1 5 oo- 1 8 ooo 1 9 +oo 1 4 +o- 1 6 ooo 1 11 o-o 1 5 oo- 1 10 ooo 2 5 oo- 2 5 -oo 2 8 oo- 2 7 ooo 2 9 -oo 2 6 ooo 3 6 ooo 3 10 ooo 3 4 o-+ 3 11 ooo 3 8 +oo 3 11 ooo 4 7 -o+ 4 9 ooo 5 10 o-o 5 8 o-+ 6 8 ooo 7 9 ooo 9 10 -oo 9 11 +oo
3.0,Tl Bi W W O O O O O O O O O O 0 11 --- 0 7 --- 0 10 --o 0 9 -o- 0 5 -oo 0 4 o-- 0 13 o-o 0 6 ooo 1 11 --o 1 4 -oo 1 8 o-o 1 8 --o 1 12 ooo 1 5 ooo 2 5 ooo 2 12 ooo 2 6 ooo 2 7 ooo 2 11 ooo 2 10 ooo 3 10 ooo 3 9 ooo 3 13 ooo 3 13 ooo 3 8 ooo 3 11 ooo
3.0,Li Ca S S 0 3 --o 0 3 -oo 0 3 o-o 0 2 ooo 1 2 -oo 1 2 ooo 1 2 ooo 1 3 oo+ 1 3 o++
3.0,Cd Cd B B O O O O 0 6 o-o 0 4 +oo 0 4 o-o 0 5 ooo 0 7 o-o 0 7 +oo 0 3 +o+ 1 7 -oo 1 5 -o+ 1 5 o+o 1 6 ooo 1 4 ooo 1 6 oo+ 1 3 oo+ 2 5 -oo 2 7 ooo 2 6 ooo 2 4 ooo 3 6 --- 3 7 --o 3 4 ooo 3 5 ooo
3.0,Cs Cs Pr Ag Br Br Br Br Br Br 0 8 ooo 0 8 o+o 0 4 oo+ 0 4 o+o 0 6 ooo 0 6 +oo 0 5 o+o 0 5 +oo 0 7 oo+ 0 7 +oo 0 9 ooo 0 9 oo+ 1 5 oo- 1 5 ooo 1 7 o-o 1 7 ooo 1 4 -oo 1 4 ooo 1 6 o-o 1 6 oo- 1 8 -oo 1 8 oo- 1 9 -oo 1 9 o-o 2 5 ooo 2 7 ooo 2 6 ooo 2 4 ooo 2 8 ooo 2 9 ooo 3 9 --o 3 8 -o- 3 4 -oo 3 6 o-- 3 7 o-o 3 5 oo-
3.0,Ho Ho Ti Sn O O O O O O 0 6 --- 0 7 oo- 0 4 --o 0 5 ooo 0 8 -oo 0 9 o-- 0 9 --o 0 7 ooo 1 4 --o 1 6 ooo 1 8 -oo 1 5 ooo 1 4 ooo 1 7 --o 1 6 o-o 1 6 --o 1 9 ooo 1 8 --o 2 7 ooo 2 5 -oo 2 4 o+o 2 6 oo+ 2 8 ooo 2 5 ooo 3 8 --- 3 9 --o 3 5 ooo 3 4 oo- 3 7 o-o 3 9 ooo
3.0,Sr Sr Y Y Ho Ho O O O O O O O O 0 13 -oo 0 13 -oo 0 11 ooo 0 13 o+o 0 7 o+o 0 8 -oo 0 8 -oo 0 9 o+o 0 9 -oo 0 12 -oo 0 12 oo+ 1 12 ooo 1 12 o-o 1 12 o-o 1 11 +oo 1 12 o-o 1 6 +oo 1 6 o-o 1 10 +oo 1 7 ooo 1 7 o-o 1 8 +oo 1 10 ooo 1 13 ooo 2 10 -oo 2 9 o+o 2 9 ooo 2 13 oo- 2 10 ++o 2 11 oo- 2 6 ooo 2 6 o+o 2 11 oo- 2 11 ooo 2 8 oo- 2 8 +oo 2 11 ooo 2 7 ooo 3 7 --- 3 10 -o- 3 7 --- 3 9 ooo 3 8 --o 3 6 ooo 3 6 --o 3 12 o-o 3 11 -oo 3 10 ooo 4 7 -oo 4 13 o+o 4 10 o+o 4 11 ooo 4 13 ooo 4 12 ooo 4 9 ooo 4 12 oo+ 5 10 oo- 5 8 ooo 5 7 ooo 5 13 ooo 5 11 ooo 5 9 ooo 5 12 ooo 5 6 ooo
3.0,K K Dy Cu Cl Cl Cl Cl Cl Cl 0 9 ooo 0 9 oo+ 0 8 ooo 0 8 o+o 0 6 ooo 0 6 +oo 0 7 oo+ 0 7 +oo 0 4 oo+ 0 4 o+o 0 5 o+o 0 5 +oo 1 7 o-o 1 7 ooo 1 6 o-o 1 6 oo- 1 4 -oo 1 4 ooo 1 9 -oo 1 9 o-o 1 8 -oo 1 8 oo- 1 5 oo- 1 5 ooo 2 5 ooo 2 7 ooo 2 6 ooo 2 4 ooo 2 8 ooo 2 9 ooo 3 9 --o 3 8 -o- 3 4 -oo 3 6 o-- 3 7 o-o 3 5 oo-
3.0,Li Li Ge Cl Cl Cl O O O O O O O O O O O O 0 16 o-o 0 15 ooo 0 12 ooo 0 17 o-o 0 13 +oo 0 6 +oo 1 9 -oo 1 13 -o+ 1 14 o+o 1 10 oo+ 1 7 o+o 1 11 ooo 2 10 -oo 2 8 -oo 2 14 o+o 2 15 ooo 2 17 ooo 2 6 ooo 3 8 oo- 3 11 oo- 3 9 ooo 3 7 ooo 3 6 ooo 3 16 ooo 4 8 o-o 4 13 ooo 4 6 ooo 4 15 ooo 5 11 ooo 5 12 ooo 5 9 ooo 5 16 ooo
3.0,Na Na Zr Ti Ti Ti Ti Ti O O O O O O O O O O O O 0 17 o-o 0 15 oo- 0 15 ooo 0 10 ooo 0 13 oo- 0 18 ooo 0 9 o-o 0 19 oo- 1 8 -oo 1 18 -o+ 1 17 -oo 1 11 -oo 1 13 ooo 1 12 ooo 1 14 ooo 1 16 oo+ 2 19 oo- 2 17 -oo 2 14 oo- 2 11 ooo 2 12 ooo 2 10 ooo 2 9 ooo 2 15 ooo 3 16 ooo 3 18 o-o 3 13 oo+ 3 19 +oo 3 14 +-o 3 8 o-o 3 16 ooo 3 12 o-o 3 11 ooo 3 15 +-o 4 9 ooo 4 8 ooo 4 14 o+o 4 19 +oo 4 12 +oo 4 15 +oo 5 11 oo- 5 18 ooo 5 16 ooo 5 10 ooo 5 17 ooo 5 13 ooo 6 16 o-- 6 12 o-o 6 14 ooo 6 8 o-- 6 18 ooo 6 11 o-o 6 13 oo- 6 10 ooo 7 9 -o- 7 17 -oo 7 19 -oo 7 14 ooo 7 15 ooo 7 16 ooo 7 15 ooo
3.0,K Na Na N Cl Cl Cl Cl Cl 0 6 oo- 0 6 ooo 0 7 o-o 0 8 ooo 0 8 -oo 0 3 --o 0 3 -o- 0 3 o-- 0 5 o-o 0 4 oo- 0 7 -oo 0 1 -oo 0 1 oo- 0 1 o-o 1 8 ooo 1 8 oo+ 1 7 o+o 1 4 ooo 1 5 oo+ 1 5 ooo 1 6 +oo 1 6 +oo 1 4 ooo 1 7 o+o 2 6 --o 2 7 -oo 2 8 o-o 2 5 oo- 2 6 ooo 2 3 ooo 2 3 ooo 2 4 oo+ 2 5 o++
3.0,K Rb Zn H H 0 2 -oo 0 2 o+o 0 2 ooo 0 4 -oo 0 4 o+o 0 4 oo+ 0 3 ooo 0 3 oo+ 0 3 o++ 0 3 --o 0 3 -oo 0 3 ooo 1 3 -o- 1 3 -oo 1 3 o+o 1 3 o+o 1 3 ++o 1 2 oo- 1 2 o+o 1 2 ++o 1 2 o-o 1 2 +oo 1 2 +oo 1 2 o-- 1 2 ooo 1 2 o-o 1 2 oo- 1 2 ooo 2 3 --- 2 3 -o- 2 3 --- 2 3 -oo 2 3 --- 2 3 --o 2 3 oo- 2 3 --o 2 2 -oo 2 3 ooo 2 3 o-o 2 3 oo- 2 4 ooo
3.0,Li Li Li Li Nb Nb Nb Nb O O O O O O O O O O O O 0 14 ooo 0 13 o+o 0 19 ooo 0 18 o+o 1 12 o-o 1 15 +oo 1 16 +oo 1 19 ooo 2 15 ooo 2 18 ooo 2 13 ooo 2 16 ooo 3 8 oo- 3 15 ooo 3 19 ooo 3 14 +oo 4 8 --o 4 8 --o 4 10 -oo 4 15 o-o 4 8 ooo 4 11 ooo 5 14 ooo 5 12 ooo 5 13 ooo 5 17 ooo 6 16 --- 6 9 --o 6 14 ooo 6 12 --o 7 11 oo- 7 10 ooo 7 18 oo- 7 19 ooo
3.0,Li Li V V Si Si O O O O O O O O 0 11 o-o 0 12 o-o 0 13 o-o 0 8 oo- 1 10 ooo 1 13 oo- 1 6 oo- 1 9 ooo 2 8 --- 2 11 -oo 2 12 o-- 2 9 o-o 2 7 ooo 2 10 oo- 3 12 o-o 3 6 ooo 3 10 o-o 3 8 o-o 3 13 o-o 3 11 ooo 4 7 --o 4 8 ooo 4 12 ooo 4 10 ooo 4 6 ooo 4 7 o-o 5 6 oo- 5 9 ooo 5 13 ooo 5 11 ooo 5 8 ooo 5 12 ooo
3.0,K K Sb Sb Br Br Br Br Br Br 0 9 ooo 0 9 oo+ 0 8 ooo 0 8 o+o 0 6 ooo 0 6 +oo 0 7 oo+ 0 7 +oo 0 4 oo+ 0 4 o+o 0 5 o+o 0 5 +oo 1 7 o-o 1 7 ooo 1 6 o-o 1 6 oo- 1 4 -oo 1 4 ooo 1 9 -oo 1 9 o-o 1 8 -oo 1 8 oo- 1 5 oo- 1 5 ooo 2 5 ooo 2 6 ooo 2 7 ooo 2 4 ooo 2 8 ooo 2 9 ooo 3 9 --o 3 8 -o- 3 4 -oo 3 6 o-- 3 7 o-o 3 5 oo-
3.0,La La La La Mg Mg Sb Sb O O O O O O O O O O O O 0 8 -oo 0 9 -o+ 0 15 -oo 0 14 ooo 0 11 ooo 0 13 ooo 0 10 ooo 1 17 ooo 1 15 ooo 1 16 ooo 1 19 ooo 1 12 ooo 1 18 ooo 1 11 ooo 2 12 oo+ 2 14 ooo 2 18 o+o 2 10 o++ 2 15 ooo 2 9 o+o 2 13 o+o 3 8 o-o 3 11 ooo 3 19 o-o 3 10 o-o 3 14 ooo 3 12 +-o 3 18 +o- 4 11 ooo 4 12 ooo 4 8 oo+ 4 12 oo+ 4 16 ooo 4 14 +oo 4 15 +o+ 4 9 oo+ 5 16 ooo 5 19 ooo 5 13 ooo 5 17 oo- 5 10 ooo 5 18 ooo 5 8 +oo 5 11 +oo 6 14 oo- 6 15 oo- 6 19 ooo 6 8 ooo 6 18 oo- 6 12 ooo 7 11 ooo 7 9 oo- 7 10 oo- 7 15 ooo 7 17 ooo 7 13 +oo
3.0,Cd Cd Cd Hg F F F F F F F F 0 9 --- 0 10 --o 0 11 -o- 0 6 -oo 0 7 o-- 0 5 o-o 1 5 ooo 1 8 oo+ 1 10 oo- 1 8 oo- 1 11 oo- 1 6 ooo 1 4 oo- 1 9 +oo 1 4 o+o 2 11 --o 2 10 -oo 2 11 o-o 2 8 ooo 2 7 ooo 2 9 o-o 2 6 -oo 2 5 ooo 3 9 ooo 3 6 +oo 3 10 o+o 3 11 ooo 3 4 ooo 3 8 +oo 3 5 o+o 3 7 +oo 3 6 ooo 4 10 -oo 4 5 ooo 4 11 o-o 4 8 ooo 4 9 ooo 5 10 oo- 5 11 o+o 5 8 oo+ 6 7 +o+ 6 7 o-o 6 8 -oo 6 9 -o- 7 10 o-- 8 10 oo-
3.0,Rb Rb Na Pr Pr Pr Ga Ga O O O O O O O O 0 12 -oo 0 11 ooo 0 12 -oo 0 10 -oo 0 10 ooo 0 9 -oo 0 6 -oo 0 6 ooo 0 15 ooo 0 9 ooo 0 8 o-o 0 8 ooo 0 11 o-o 0 13 ooo 1 15 --- 1 11 --o 1 9 --o 1 14 -o- 1 7 -oo 1 7 --- 1 7 o-- 1 3 o-o 1 3 oo- 1 14 ooo 1 6 ooo 1 14 oo- 1 13 oo- 1 2 ooo 1 9 -oo 1 15 ooo 2 14 -oo 2 10 o-o 2 10 ooo 2 9 o-o 2 8 ooo 2 13 o-o 2 11 +oo 2 12 ooo 2 11 +oo 2 6 ooo 2 7 ooo 2 8 oo+ 2 8 ooo 2 15 +o+ 2 15 o-o 2 13 o-o 3 9 ooo 3 11 ooo 3 8 o+o 3 12 o+o 3 13 ooo 3 13 ++o 3 12 ooo 3 15 ooo 3 10 ooo 3 9 ooo 3 14 o+o 3 10 +oo 3 8 ooo 4 11 o-o 4 8 oo- 4 13 oo- 4 9 ooo 4 14 ooo 5 11 -oo 5 8 -oo 5 15 ooo 5 12 ooo 6 8 --o 6 14 ooo 6 13 oo+ 6 10 oo+ 7 11 --o 7 10 ooo 7 9 o-o 7 15 ooo
3.0,Rb Li V V F F F F F F F F 0 9 --o 0 8 o-o 0 10 o-o 0 11 ooo 0 5 +oo 0 4 +oo 0 7 +o+ 0 6 +oo 1 4 oo- 1 5 -oo 1 10 o+o 1 6 ooo 1 11 oo- 1 8 oo- 1 9 ooo 1 5 oo- 1 6 ooo 1 7 ooo 2 5 ooo 2 4 ooo 2 7 o-o 2 9 ooo 3 6 ooo 3 10 ooo 3 8 ooo 3 11 ooo
3.0,Rb Rb Mo Mo F F F F F F F F 0 10 ooo 0 8 o+o 0 8 o+o 0 11 ooo 0 6 ooo 0 7 ooo 0 5 +oo 0 9 oo+ 0 9 +oo 0 4 ooo 0 7 oo+ 1 6 oo- 1 7 ooo 1 4 o-o 1 4 ooo 1 10 ooo 1 8 o-o 1 10 ooo 1 11 oo- 1 5 ooo 1 5 -oo 1 6 oo- 1 11 ooo 1 9 ooo 2 5 --o 2 8 -o- 2 6 -oo 2 7 o-- 2 10 o-o 2 4 oo- 3 9 --o 3 11 --o 3 6 -oo 3 5 o-o 3 7 o-o 3 8 ooo
3.0,Sr Sr Ca Ca Ce Ce Ga Ga O O O O O O O O O O O O 0 16 -o- 0 17 -o- 0 17 -oo 0 14 ooo 0 9 ooo 0 19 ooo 0 15 ooo 0 18 ooo 1 12 -oo 1 18 -oo 1 13 ooo 1 16 -oo 1 8 ooo 1 14 ooo 1 9 oo+ 1 13 ooo 2 18 oo- 2 14 ooo 2 15 ooo 2 10 oo- 2 11 ooo 2 8 oo- 2 10 ooo 2 19 ooo 3 12 ooo 3 11 ooo 3 8 +oo 3 16 +o+ 3 15 o-o 3 19 o-o 3 17 oo+ 3 9 o-o 4 13 o-o 4 12 ooo 4 16 ooo 4 10 o-o 4 18 ooo 4 12 oo+ 5 15 ooo 5 8 -oo 5 11 -oo 5 11 ooo 5 19 ooo 5 10 ooo 6 18 --- 6 9 --o 6 16 -o- 6 8 o-o 6 10 oo- 6 13 ooo 7 17 ooo 7 14 ooo 7 11 ooo 7 15 ooo 7 12 ooo 7 19 ooo
3.0,Li Li Li Li H H H H Pd N O O O O 0 9 ooo 0 11 ooo 0 10 ooo 0 13 ooo 1 12 ooo 1 11 oo- 1 13 ooo 1 8 +oo 2 8 ooo 2 10 oo+ 2 12 ooo 2 9 ooo 2 11 o+o 3 8 oo+ 3 10 o++ 3 12 oo+ 3 9 +o+ 3 13 ooo 4 11 ooo 4 12 ooo 4 12 ooo 4 13 o-o 5 9 ooo 5 8 oo- 5 8 ooo 5 10 ooo 6 13 ooo 6 11 oo- 6 10 ooo 6 12 ooo 7 9 ooo 7 11 o+o 7 8 +++
3.0,Rb Rb Ca Ca As As Cl Cl Cl Cl Cl Cl Cl Cl Cl Cl Cl Cl 0 16 -oo 0 6 ooo 0 8 -oo 0 12 ooo 0 10 ooo 0 15 oo+ 0 17 oo+ 0 14 o+o 0 9 ooo 0 13 o++ 0 11 ooo 0 7 o++ 1 6 ooo 1 15 +oo 1 7 o-o 1 13 +oo 1 8 oo- 1 9 o-- 1 12 o-o 1 14 o-o 1 14 +oo 1 6 ooo 1 10 +oo 1 17 +o+ 1 11 +oo 1 15 +o+ 1 13 -o- 1 14 ooo 2 12 -oo 2 10 -oo 2 6 o++ 2 11 oo+ 2 7 -oo 2 8 ooo 2 9 ooo 2 6 o++ 3 13 o-o 3 11 ooo 3 16 ooo 3 12 +oo 3 8 oo- 3 17 ooo 3 7 o-- 3 10 oo- 4 9 -oo 4 11 ooo 4 7 ooo 4 13 o+o 4 14 ooo 4 6 ooo 5 8 ooo 5 12 ooo 5 15 ooo 5 10 ooo 5 9 ooo 5 14 ooo 6 11 oo+ 6 13 +o+ 7 12 -oo 7 8 o++ 7 13 ooo 8 17 o++ 9 17 ooo 10 16 o-o 11 16 oo+ 12 16 +o+ 13 17 +o+ 14 17 +oo
4.0,Cs Cs Cs Cs Rb Y Tl Tl F F F F F F F F F F F F 0 17 oo- 0 14 ooo 0 12 ooo 0 10 oo- 0 8 ooo 0 19 oo- 0 13 ooo 0 11 oo- 0 16 oo- 0 9 ooo 1 15 --o 1 13 -oo 1 9 -oo 1 17 o-o 1 8 ooo 1 16 o-o 1 12 o-o 1 11 ooo 1 14 ooo 1 15 ooo 2 19 ooo 2 18 ooo 2 10 oo+ 2 13 ooo 2 12 +oo 2 9 ooo 2 18 +oo 2 11 o+o 2 17 +oo 2 14 ++o 3 15 -oo 3 12 -oo 3 14 -oo 3 8 ooo 3 19 oo- 3 18 ooo 3 15 ooo 3 19 ooo 3 13 o+o 3 16 ooo 4 8 o-o 4 9 ooo 4 18 ooo 4 15 oo+ 4 11 ooo 4 17 ooo 4 13 o-o 4 10 ooo 4 16 o-o 4 9 ooo 5 10 ooo 5 12 ooo 5 8 -oo 5 12 ooo 5 17 ooo 5 11 ooo 5 14 ooo 5 15 ooo 6 13 --o 6 16 -o- 6 8 -oo 6 19 o-- 6 18 o-o 6 12 oo- 6 10 o-o 6 16 oo- 7 11 ooo 7 18 ooo 7 15 ooo 7 14 ooo 7 13 ooo 7 11 ooo 7 17 ooo 7 9 ooo 7 14 ooo 7 19 ooo 14 16 oo+ 15 15 o-o 16 18 ooo 17 18 ooo
4.0,Sr La H H H H H H 0 7 --o 0 7 -o- 0 2 -oo 0 5 --- 0 5 --- 0 3 ooo 0 3 oo- 0 6 --o 0 6 ooo 0 4 o-- 0 1 ooo 1 6 ooo 1 6 +oo 1 2 o+o 1 2 ++o 1 5 o-o 1 5 +o+ 1 7 +oo 1 4 +oo 1 4 o-o 1 3 oo+ 1 7 o-o 2 4 ooo 2 5 oo+ 3 5 oo- 3 7 oo- 3 6 ooo
4.0,Er Er Te O O 0 4 --- 0 4 -oo 0 4 o-o 0 2 ooo 0 2 +oo 0 2 oo- 1 3 -oo 1 3 o+o 1 3 ooo 1 3 o-o 1 2 +o+ 1 2 +++
4.0,Ca Ca Ca Ca Zr Zr Zr Zr O O O O O O O O O O O O 0 16 -oo 0 19 o+o 0 12 -oo 0 13 ooo 0 10 ooo 0 18 ooo 0 9 oo+ 0 14 ooo 1 16 oo- 1 12 ooo 1 15 ooo 1 11 +oo 1 11 o-o 1 17 +oo 1 14 ooo 1 10 oo- 1 15 ooo 1 8 o-o 2 9 -o- 2 13 -oo 2 12 ooo 2 19 oo- 2 18 ooo 2 8 ooo 2 13 o+o 3 14 ooo 3 12 ++o 3 18 ooo 3 11 ooo 3 19 ++o 3 15 oo+ 3 17 ooo 4 10 --o 4 8 --o 4 15 -oo 4 11 o-o 4 8 ooo 4 12 ooo 5 16 -oo 5 9 -o- 5 19 -oo 5 13 ooo 5 17 ooo 5 18 ooo 6 8 --o 6 15 o-o 6 10 ooo 6 14 ooo 6 16 o-o 6 10 ooo 7 11 --- 7 19 oo- 7 9 oo- 7 12 ooo 7 18 ooo 7 17 oo-
4.0,K K K K P P P P O O O O O O O O O O O O 0 16 o-o 0 13 oo- 0 11 ooo 0 8 ooo 0 15 +-o 0 5 ooo 0 10 +-o 0 17 ooo 0 18 +oo 1 17 o-o 1 11 ooo 1 12 o-o 1 19 ooo 1 10 ooo 1 16 o-o 1 15 ooo 1 9 o-+ 1 13 ooo 2 12 -oo 2 10 -+o 2 8 -oo 2 15 ooo 2 3 ooo 2 3 oo+ 2 11 ooo 2 4 ooo 2 6 -oo 2 19 ooo 3 8 ooo 3 14 oo- 3 10 oo- 3 18 ooo 3 14 ooo 3 9 ooo 3 12 ooo 3 11 o+- 4 8 ooo 4 19 ooo 5 15 ooo 5 17 ooo 6 9 ooo 6 10 ooo 7 13 ooo 7 16 ooo
4.0,Nd Nd Cl Cl O 0 4 oo+ 0 4 +++ 0 4 ++o 0 3 +++ 0 2 +oo 0 2 +o+ 0 2 o-o 0 2 oo+ 1 3 oo- 1 3 o+o 1 3 oo- 1 3 +oo 1 2 o+o 1 2 ooo 1 2 +oo 1 2 oo- 1 4 --- 2 4 o-- 2 4 o-o 2 4 ooo 2 3 --- 2 3 -oo 2 3 o-o 2 2 ooo 2 2 +o+ 2 2 o++ 2 2 o++
4.0,Rb Rb Na Dy Cl Cl Cl Cl Cl Cl 0 8 ooo 0 8 o+o 0 4 oo+ 0 4 o+o 0 6 ooo 0 6 +oo 0 5 o+o 0 5 +oo 0 7 oo+ 0 7 +oo 0 9 ooo 0 9 oo+ 1 5 oo- 1 5 ooo 1 7 o-o 1 7 ooo 1 4 -oo 1 4 ooo 1 6 o-o 1 6 oo- 1 8 -oo 1 8 oo- 1 9 -oo 1 9 o-o 2 5 ooo 2 7 ooo 2 6 ooo 2 4 ooo 2 8 ooo 2 9 ooo 3 9 --o 3 8 -o- 3 4 -oo 3 6 o-- 3 7 o-o 3 5 oo-
4.0,Rb Rb Rb Na P P H H O O O O O O 0 4 oo- 0 4 ooo 0 11 o+- 0 11 o+o 0 4 oo- 0 9 +oo 0 8 o+- 0 13 ooo 0 9 o+o 0 10 oo- 0 10 oo- 0 5 oo- 0 5 ooo 0 8 o+o 1 5 --o 1 8 --o 1 5 -oo 1 12 -oo 1 11 -oo 1 10 ooo 1 12 oo+ 1 11 o-o 1 6 o-o 1 13 oo+ 1 9 ooo 1 7 ooo 2 11 ooo 2 10 o-o 2 13 ooo 2 9 ooo 2 12 ooo 2 10 ooo 2 12 ooo 2 8 o-o 2 7 +oo 2 3 ooo 2 6 ooo 2 11 +oo 3 8 -oo 3 6 -oo 3 9 o+o 3 8 oo+ 3 12 ooo 3 13 ooo 3 13 o+o 3 7 ooo 3 11 ooo 3 10 o+o 3 10 ooo 3 11 ooo 4 8 --- 4 13 -oo 4 11 o-- 4 13 oo- 5 12 ooo 5 12 ooo 5 10 ooo 5 9 ooo 6 12 ooo 6 10 oo+ 6 8 oo+ 7 11 ooo 7 9 ooo 7 12 ooo
4.0,Y Y Y Y Ho Ho O O O O O O O O 0 13 -oo 0 11 ooo 0 9 ooo 0 12 ooo 0 10 ooo 1 6 o-o 1 6 ooo 1 7 ooo 1 8 oo- 1 12 ooo 2 11 ooo 2 12 oo+ 2 6 +o+ 2 7 o-o 2 13 o-o 2 9 ooo 3 9 -oo 3 10 ooo 3 7 o+o 3 6 ooo 3 10 ooo 3 8 ooo 4 6 --- 4 8 --o 4 7 -o- 4 13 o-o 4 12 oo- 4 8 ooo 5 11 ooo 5 10 ooo 5 11 ooo 5 9 ooo 5 13 ooo 5 12 ooo
4.0,Cs Cs Na Tl Cl Cl Cl Cl Cl Cl 0 8 ooo 0 8 o+o 0 4 oo+ 0 4 o+o 0 6 ooo 0 6 +oo 0 5 o+o 0 5 +oo 0 7 oo+ 0 7 +oo 0 9 ooo 0 9 oo+ 1 5 oo- 1 5 ooo 1 7 o-o 1 7 ooo 1 4 -oo 1 4 ooo 1 6 o-o 1 6 oo- 1 8 -oo 1 8 oo- 1 9 -oo 1 9 o-o 2 5 ooo 2 7 ooo 2 6 ooo 2 4 ooo 2 8 ooo 2 9 ooo 3 9 --o 3 8 -o- 3 4 -oo 3 6 o-- 3 7 o-o 3 5 oo-
4.0,Ca Ca Sb Sb W W O O O O O O O O O 0 11 --- 0 12 o-- 0 7 -oo 0 13 o-o 0 6 ooo 0 8 ooo 0 10 -o- 1 13 oo- 1 10 ooo 1 11 +oo 1 14 ooo 1 14 oo- 1 9 ooo 1 6 oo- 1 12 ooo 2 6 -o- 2 12 -oo 2 11 -oo 2 8 oo- 2 7 ooo 2 10 ooo 2 13 ooo 3 7 ooo 3 9 o-o 3 6 oo+ 3 14 o-o 3 8 +o+ 4 7 ooo 4 11 ooo 4 12 ooo 4 13 ooo 5 14 oo- 5 9 ooo 5 13 ooo 5 12 ooo 5 14 ooo 5 10 +oo 5 8 ++o 5 11 +oo 7 13 -oo 12 11 o-- 9 13 -o- 14 14 ooo 13 14 ooo 14 10 oo+ 14 12 o-o 10 14 -oo 10 12 +o+ 11 14 ooo
4.0,Ca Zn Si Si Si Si Si O O O O O O O O O O O O 0 14 ooo 0 15 ooo 0 10 o+o 0 18 o+o 0 13 oo- 0 9 +oo 0 16 ooo 1 15 oo- 1 14 o-- 1 17 ooo 1 8 ooo 1 12 -o- 1 15 oo- 1 11 ooo 2 12 -oo 2 15 -oo 2 17 oo+ 2 13 ooo 3 18 ooo 3 11 ooo 3 18 o-o 3 16 +o+ 3 10 +o+ 4 17 -oo 4 8 o-o 4 12 ooo 4 13 ooo 5 11 ooo 5 14 ooo 5 12 ooo 5 9 ooo 6 11 ooo 6 16 ooo 6 13 ooo 6 15 ooo 7 8 -o- 7 14 o+o 7 10 ooo 7 9 ooo
4.0,Li Li Li Li V F F F F F F F F 0 8 ooo 0 11 ooo 0 12 ooo 0 5 o-o 0 7 ooo 1 7 oo+ 1 6 ooo 1 9 +o+ 1 10 +oo 1 12 +o+ 1 8 +oo 2 5 -oo 2 10 o-o 2 6 oo+ 2 12 o-o 2 10 ooo 2 11 ooo 2 9 o-o 2 8 ooo 3 5 -o- 3 5 -oo 3 7 ooo 3 6 o+o 3 9 oo- 3 10 o+o 3 8 oo- 4 10 --o 4 5 -oo 4 9 o-o 4 9 ooo 4 11 ooo 4 12 ooo 4 5 ooo
4.0,Sr Sr Zn S N 0 4 --o 0 4 -oo 0 4 o-o 0 4 ooo 0 3 -o- 0 3 --- 0 3 oo- 0 3 --o 0 2 -oo 0 2 --o 0 2 o-o 0 2 ooo 1 2 ooo 1 2 o-o 1 2 +oo 1 3 ooo 1 3 oo+ 1 3 -oo 2 3 ooo
4.0,Cs Cs Al Al Cl Cl Cl Cl Cl Cl 0 9 ooo 0 9 oo+ 0 8 ooo 0 8 o+o 0 6 ooo 0 6 +oo 0 7 oo+ 0 7 +oo 0 4 oo+ 0 4 o+o 0 5 o+o 0 5 +oo 1 7 o-o 1 7 ooo 1 6 o-o 1 6 oo- 1 4 -oo 1 4 ooo 1 9 -oo 1 9 o-o 1 8 -oo 1 8 oo- 1 5 oo- 1 5 ooo 2 5 ooo 2 7 ooo 2 6 ooo 2 4 ooo 2 8 ooo 2 9 ooo 3 9 --o 3 8 -o- 3 4 -oo 3 6 o-- 3 7 o-o 3 5 oo-
4.0,Sm Sm Ta Tl B B B B O O O O O O O O O O O O 0 19 -oo 0 16 -oo 0 8 -oo 0 13 oo- 0 14 ooo 0 15 ooo 0 9 ooo 0 15 ooo 1 10 o-o 1 19 o-+ 1 15 o-+ 1 10 oo+ 1 8 o-o 1 9 o-+ 1 12 ooo 1 18 +oo 1 11 ooo 1 11 o-o 2 19 ooo 2 18 ooo 2 12 ooo 2 8 ooo 2 14 ooo 2 13 o+o 2 17 oo- 2 13 ooo 2 9 ooo 2 10 o+- 3 15 -o- 3 9 -oo 3 11 oo- 3 13 -oo 3 16 oo- 3 8 o+o 3 12 o+o 3 14 o+o 3 12 oo- 3 11 ooo 4 16 ooo 4 12 ooo 4 8 ooo 4 10 ooo 5 18 ooo 5 15 ooo 5 14 ooo 5 17 ooo 6 10 --o 6 9 --o 6 19 -oo 6 13 o-o 7 17 ooo 7 11 ooo 7 13 ooo 7 15 ooo
4.0,Sc Sc Pb Pb Cl Cl Cl Cl O O O O O O O O O O O O 0 11 ooo 0 9 +oo 0 17 ooo 0 15 +oo 0 8 ooo 0 19 ooo 1 16 -oo 1 18 ooo 1 10 -oo 1 8 ooo 1 10 ooo 1 9 ooo 2 18 ooo 2 8 +oo 2 14 +oo 2 11 o-o 2 19 ooo 2 12 +oo 2 15 ooo 2 16 o-o 2 17 ooo 3 19 -oo 3 13 -oo 3 18 ooo 3 11 ooo 3 9 -o- 3 19 o+o 3 14 oo- 3 10 o+o 3 12 o+o 4 16 --o 4 8 ooo 4 11 -oo 4 18 oo+ 4 18 ooo 4 16 ooo 5 15 -oo 5 17 ooo 5 19 o-o 5 9 ooo 5 11 +oo 5 13 ooo 6 13 ooo 6 8 ooo 6 12 ooo 6 10 +oo 6 14 ooo 6 15 +oo 7 16 -oo 7 9 ooo 7 11 -oo 7 10 ooo 7 17 ooo 7 12 ooo 7 13 ooo 7 15 ooo
4.0,Rb Tl Al Ga F F F F F F 0 9 oo- 0 9 ooo 0 4 o-o 0 4 ooo 0 7 -oo 0 7 ooo 0 8 o-o 0 8 oo- 0 6 -oo 0 6 oo- 0 5 -oo 0 5 o-o 1 6 ooo 1 6 o+o 1 7 oo+ 1 7 o+o 1 8 ooo 1 8 +oo 1 9 o+o 1 9 +oo 1 4 oo+ 1 4 +oo 1 5 ooo 1 5 oo+ 2 4 ooo 2 6 ooo 2 8 ooo 2 7 ooo 2 9 ooo 2 5 ooo 3 5 --o 3 6 -o- 3 7 -oo 3 8 o-- 3 9 o-o 3 4 oo-
4.0,Y Y Ta Ta Al Al Al Al O O O O O O O O O O O O 0 15 ooo 0 14 ooo 0 17 ooo 0 11 ooo 0 12 ooo 0 18 ooo 0 10 ooo 0 9 ooo 1 8 oo+ 1 16 o+o 1 19 o+o 1 13 +oo 1 15 +oo 1 19 ++o 1 14 ooo 1 12 +o+ 2 16 ooo 2 11 ooo 2 15 ooo 2 9 o+o 2 14 ooo 2 10 ooo 2 17 o+o 2 13 ooo 3 14 o-o 3 8 oo- 3 18 ooo 3 13 ooo 3 19 +-o 3 12 +oo 3 11 +oo 3 15 +o+ 4 9 oo- 4 19 oo- 4 10 ooo 4 14 +oo 4 18 +oo 4 13 +oo 5 17 -oo 5 16 -oo 5 11 -oo 5 8 ooo 5 18 ooo 5 12 ooo 6 13 ooo 6 15 ooo 6 8 ooo 6 11 ooo 6 14 ooo 6 10 oo- 7 15 --- 7 15 -o- 7 14 -oo 7 9 oo- 7 12 ooo 7 16 oo-
4.0,Li Li Al Al P P O O O O O O O O 0 8 o-o 0 12 ooo 0 11 o-o 0 10 ooo 1 13 oo+ 1 9 o-o 1 9 +o+ 1 6 ooo 2 11 --- 2 6 --- 2 12 ooo 2 10 --o 2 7 o-o 2 13 oo- 3 9 -o- 3 11 --o 3 12 ooo 3 8 ooo 3 6 ooo 3 10 ooo 4 8 ooo 4 11 ooo 4 6 oo- 4 13 oo- 4 7 ooo 4 9 oo- 5 10 -oo 5 6 -oo 5 8 -oo 5 12 ooo 5 11 ooo 5 13 ooo
4.0,Al Al Al Al Pb Pb F F F F F F F F F F F F F F 0 13 ooo 0 9 oo+ 0 18 ooo 0 16 ooo 1 10 -oo 1 17 -oo 1 19 ooo 1 7 ooo 2 12 oo- 2 14 ooo 2 8 ooo 2 18 ooo 3 6 ooo 3 11 ooo 3 15 ooo 3 13 ooo 4 17 ooo 4 12 ooo 4 9 ooo 4 11 ooo 4 10 ooo 4 7 o+o 4 13 ooo 4 18 ooo 4 8 ooo 4 12 ooo 4 9 ooo 5 16 ooo 5 12 ooo 5 13 ooo 5 10 ooo 5 15 ooo 5 16 +oo 5 6 +oo 6 14 --o 6 10 -o- 6 9 -oo 6 19 o-- 6 11 o-o 6 17 oo- 7 18 --o 7 8 o-o 7 13 ooo 7 15 o-o 7 12 ooo 8 17 o-o 8 15 oo- 8 16 ooo 8 14 -oo 9 11 ooo 9 19 ooo 9 13 o-o 9 12 +oo 10 18 o-+ 10 19 oo+ 10 18 o+o 10 18 ooo 11 13 ooo 11 17 ooo 11 12 ooo 12 19 ooo 14 15 +oo 12 16 ++o 13 16 ++o 13 18 +oo 13 17 o-o 15 19 o-o 14 18 ooo 14 16 --o 15 19 oo+ 16 17 o+o 17 18 -oo
4.0,Li Li Be O O 0 3 ooo 0 3 o+o 0 3 +oo 0 4 -oo 0 4 ooo 0 4 oo+ 1 2 ooo 1 4 o-o 1 3 +oo 1 3 -oo 1 3 ooo 1 4 +o+ 2 4 --o 2 3 -oo 2 3 ooo 2 3 o-o 2 3 ooo
4.0,Ca Ca Br Br O 0 4 o-o 0 4 ooo 0 3 +++ 0 3 +oo 0 2 +o+ 0 2 +o+ 0 2 oo+ 1 2 oo- 1 3 --- 1 3 -oo 1 3 o-o 1 3 oo+ 1 4 ooo 1 4 +oo 1 4 o++ 2 3 oo- 2 3 o+o 2 3 +oo 2 4 ooo
4.0,Pr Pr Pr Pr Er Er Ho Er O O O O O O O O O O O O 0 13 -oo 0 10 -+o 0 18 ooo 0 15 o+o 0 11 ooo 1 14 oo- 1 19 o-o 1 12 ooo 1 17 ooo 1 8 ooo 2 11 o-o 2 12 ooo 2 8 +-o 2 15 o-o 2 13 ooo 2 9 ooo 3 8 oo- 3 16 oo- 3 19 ooo 3 14 ooo 3 10 oo- 3 9 ooo 3 12 ooo 3 11 o+o 4 15 o-o 4 19 o-o 4 18 ooo 4 13 oo+ 4 17 o-o 4 16 oo+ 5 9 -oo 5 10 -o- 5 14 -oo 5 13 oo- 5 11 ooo 5 16 oo- 6 19 --o 6 12 -o- 6 10 -oo 6 14 o-- 6 8 o-o 6 18 ooo 7 9 ooo 7 17 ooo 7 12 ooo 7 13 ooo 7 11 ooo 7 8 ooo
4.0,Li Li Li Li Li Mn F F F F F F 0 7 o-o 0 10 ooo 0 9 +oo 0 6 o-o 0 11 ooo 1 9 ooo 1 8 oo- 1 10 oo- 1 6 ooo 1 7 oo- 1 11 oo- 1 8 +oo 2 9 -o- 2 6 o+o 2 11 -oo 2 7 ooo 2 10 o+- 2 8 oo- 2 6 ooo 3 7 ooo 3 9 oo+ 3 8 +o+ 3 6 oo+ 3 11 oo+ 4 11 o-o 4 9 o-o 4 8 ooo 4 6 +oo 4 7 o-+ 4 11 +o+ 5 7 -oo 5 9 ooo 5 10 ooo 5 8 o+o 5 6 o+o 5 10 o++ 6 11 -o- 6 9 o-o 6 8 o-o 7 9 ooo 7 11 oo+ 7 10 +o+ 7 8 +oo 8 10 ooo 8 11 ooo 9 10 o-o
4.0,Rb Nd O O 0 2 ooo 0 2 o+o 0 3 +oo 0 3 +++ 0 3 oo+ 0 3 o+o 0 1 o++ 0 1 +oo 0 1 +o+ 0 1 ++o 0 1 o++ 0 1 +o+ 0 1 ++o 0 1 +++ 1 2 -oo 1 2 o-o 1 2 ooo 1 2 oo- 1 3 --o 1 3 -o- 1 3 -oo 1 3 o-- 1 3 o-o 1 3 oo- 2 3 ooo
4.0,K I O O F 0 4 --- 0 4 oo- 0 4 ooo 0 2 --o 0 2 -oo 0 2 o-o 0 1 --- 0 1 ooo 0 3 o-- 0 3 -o- 0 3 ooo 0 1 -oo 0 1 ooo 1 3 o-o 1 2 +oo 1 4 -oo 1 4 o+o 1 4 ooo 1 3 ooo 1 3 ooo
4.0,Na V Ni Ni Ni Ni O O O O O O O O O O 0 14 oo+ 0 8 ooo 0 8 +oo 0 12 +oo 0 14 +o+ 0 12 +oo 1 13 -oo 1 12 ooo 1 11 -oo 1 10 ooo 1 13 o-o 1 6 ooo 2 7 -oo 2 11 ooo 2 15 ooo 2 14 ooo 2 10 ooo 2 9 oo+ 3 9 -oo 3 8 -oo 3 15 oo- 3 7 ooo 3 15 ooo 3 13 o+o 4 7 o-o 4 13 oo+ 4 10 ooo 4 8 +oo 4 9 ooo 4 15 oo+ 5 12 --o 5 9 -oo 5 8 o-o 5 14 ooo 5 14 o-+ 5 11 ooo 6 8 ooo 6 11 ooo 6 15 ooo 6 11 ooo 6 10 o+o 6 10 ooo 11 13 o-o 9 14 -oo 9 12 ooo
4.0,Cs Cs Li Dy Cl Cl Cl Cl Cl Cl 0 9 ooo 0 9 oo+ 0 8 ooo 0 8 o+o 0 6 ooo 0 6 +oo 0 7 oo+ 0 7 +oo 0 4 oo+ 0 4 o+o 0 5 o+o 0 5 +oo 1 7 o-o 1 7 ooo 1 6 o-o 1 6 oo- 1 4 -oo 1 4 ooo 1 9 -oo 1 9 o-o 1 8 -oo 1 8 oo- 1 5 oo- 1 5 ooo 2 5 ooo 2 7 ooo 2 6 ooo 2 4 ooo 2 8 ooo 2 9 ooo 3 9 --o 3 8 -o- 3 4 -oo 3 6 o-- 3 7 o-o 3 5 oo-
4.0,Tl Tl Tl Tl Tl Tl Tl Tl O O O O O O F F F F F F 0 16 ooo 0 10 -oo 0 13 ooo 0 15 ooo 0 12 ooo 0 18 ooo 1 8 ooo 1 11 oo+ 1 18 ooo 1 10 ooo 1 19 +oo 1 14 +o+ 2 14 ooo 2 19 ooo 2 11 ooo 2 8 oo+ 2 17 ooo 2 15 +oo 2 13 o+o 3 15 -o- 3 9 ooo 3 9 oo- 3 10 o+- 3 12 ooo 3 11 o+o 3 14 o+o 4 18 --o 4 12 --o 4 19 o-o 4 16 ooo 4 15 oo+ 4 8 o-o 4 9 oo+ 4 13 o-o 4 18 oo+ 4 10 ooo 4 13 ooo 4 8 ooo 5 12 oo- 5 17 o-o 5 16 ooo 5 11 ooo 5 11 ooo 5 10 ooo 5 9 o-o 5 19 oo- 5 17 +oo 5 18 oo- 6 8 ooo 6 11 oo+ 6 12 ooo 6 18 ooo 6 14 o+o 6 10 ooo 7 19 -oo 7 15 -oo 7 8 ooo 7 13 ooo 7 15 oo- 7 16 ooo
4.0,Pb Pb B B O O O O F F F F F F 0 13 --- 0 10 -o- 0 11 o-- 0 12 o-o 0 9 oo- 0 4 ooo 1 9 ooo 1 6 +oo 1 8 ooo 1 8 ooo 1 12 ooo 1 7 ooo 2 7 ooo 2 5 ooo 3 9 oo- 3 8 oo- 4 5 o-o 4 8 ooo 4 5 ooo
4.0,Ca Ca Zn Zn Ge Ge Ge Ge O O O O O O O O O O O O 0 18 ooo 0 9 oo- 0 12 o-o 0 11 ooo 0 17 ooo 0 14 ooo 0 13 ooo 0 10 ooo 0 19 ooo 1 13 oo- 1 15 -oo 1 17 ooo 1 11 oo+ 1 15 ooo 1 10 ooo 1 8 o+o 1 16 ooo 1 18 ooo 2 13 -oo 2 11 -oo 2 19 -oo 2 8 ooo 2 16 ooo 2 9 ooo 3 10 oo- 3 16 ooo 3 15 ooo 3 12 o-o 3 14 oo- 3 19 ooo 4 10 ooo 4 11 o+o 4 18 ooo 4 18 ooo 4 9 +oo 4 12 +oo 5 17 -oo 5 19 -oo 5 8 ooo 5 16 o-o 5 15 o-o 5 13 ooo 6 8 ooo 6 10 oo- 6 12 oo- 6 16 ooo 7 11 ooo 7 19 -oo 7 15 -o+ 7 14 ooo
4.0,Rb Rb Li Mo F F F F F F 0 9 ooo 0 9 oo+ 0 8 ooo 0 8 o+o 0 6 ooo 0 6 +oo 0 7 oo+ 0 7 +oo 0 4 oo+ 0 4 o+o 0 5 o+o 0 5 +oo 1 7 o-o 1 7 ooo 1 6 o-o 1 6 oo- 1 4 -oo 1 4 ooo 1 9 -oo 1 9 o-o 1 8 -oo 1 8 oo- 1 5 oo- 1 5 ooo 2 5 ooo 2 7 ooo 2 6 ooo 2 4 ooo 2 8 ooo 2 9 ooo 3 9 --o 3 8 -o- 3 4 -oo 3 6 o-- 3 7 o-o 3 5 oo-
4.0,K K K K Cd Cd Sn Sn O O O O O O O O 0 13 ooo 0 13 ooo 0 11 ooo 0 14 o+o 0 8 oo- 0 8 ooo 0 15 +oo 0 14 +oo 0 4 oo- 0 6 ++o 0 9 +o- 0 12 oo- 0 7 o+- 0 9 ++o 1 15 oo- 1 11 --- 1 11 oo- 1 12 oo- 1 14 -oo 1 10 ooo 1 15 o-o 1 5 ooo 1 15 o-- 1 8 ooo 1 9 oo- 1 4 ooo 1 10 ooo 1 5 ooo 1 5 ooo 2 13 ooo 2 15 ooo 2 12 -oo 2 8 -oo 2 13 -oo 2 9 ooo 2 11 oo+ 2 14 -oo 2 10 ooo 2 11 -oo 2 4 oo+ 2 4 o-o 2 4 ooo 2 10 ooo 2 14 ooo 3 14 --o 3 15 ooo 3 15 ooo 3 10 o-o 3 11 oo+ 3 10 ooo 3 12 +o+ 3 12 +o+ 3 8 o-o 3 5 o-o 3 13 oo+ 3 9 oo+ 4 15 -oo 4 8 -oo 4 8 -oo 4 8 oo+ 5 15 ooo 5 12 o-o 5 13 ooo 5 14 oo+ 6 15 o-o 6 9 ooo 6 11 +oo 6 9 o-- 6 12 ooo 7 13 oo- 7 14 ooo 7 13 o+o 7 8 +oo 7 12 +oo
4.0,Rb Rb Cd Cd Cl Cl Cl Cl Cl Cl 0 6 -oo 0 6 ooo 0 5 -oo 0 9 ooo 0 4 -oo 0 4 o-o 0 8 ooo 0 8 o-o 0 7 o-o 0 7 -oo 0 5 o-o 0 9 oo- 1 9 ooo 1 9 o+o 1 4 oo+ 1 4 +oo 1 5 o+o 1 5 +oo 1 8 oo+ 1 8 +oo 1 7 ooo 1 7 +oo 1 6 ooo 1 6 oo+ 2 5 --o 2 8 -o- 2 9 -oo 2 6 o-- 2 7 o-o 2 4 oo- 3 4 ooo 3 5 ooo 3 6 ooo 3 9 ooo 3 8 ooo 3 7 ooo
4.0,Rb Rb Y Ag F F F F F F 0 8 ooo 0 8 o+o 0 4 oo+ 0 4 o+o 0 6 ooo 0 6 +oo 0 5 o+o 0 5 +oo 0 7 oo+ 0 7 +oo 0 9 ooo 0 9 oo+ 1 5 oo- 1 5 ooo 1 7 o-o 1 7 ooo 1 4 -oo 1 4 ooo 1 6 o-o 1 6 oo- 1 8 -oo 1 8 oo- 1 9 -oo 1 9 o-o 2 5 ooo 2 7 ooo 2 6 ooo 2 4 ooo 2 8 ooo 2 9 ooo 3 9 --o 3 8 -o- 3 4 -oo 3 6 o-- 3 7 o-o 3 5 oo-
4.0,Mg Mg Mg Mg Se Se Se Se 0 6 -oo 0 6 o+o 0 7 ooo 0 7 oo+ 0 4 -oo 0 4 o++ 1 4 --- 1 4 --o 1 4 -oo 1 5 -oo 1 5 o-- 1 5 ooo 2 4 oo- 2 6 ooo 2 6 oo- 2 7 ooo 3 7 ooo 3 5 +oo 3 5 ooo 3 7 ooo
4.0,Ba Sr Y Y Nb Nb O O O O O O O O 0 10 ooo 0 10 o-o 0 12 +oo 0 11 oo- 0 6 ooo 0 7 o-o 0 7 +o- 0 9 o-o 0 13 ooo 0 8 +oo 0 11 oo- 0 13 ooo 0 11 oo- 0 8 ooo 1 8 -oo 1 9 ooo 1 12 o+o 1 10 oo+ 1 7 -oo 1 9 o+o 1 7 ooo 1 13 ooo 1 10 ooo 1 6 oo+ 1 6 oo+ 1 11 ooo 1 12 oo+ 1 12 ooo 2 11 --o 2 13 --o 2 11 --o 2 10 ooo 2 12 -o- 2 9 ooo 2 8 o-o 2 8 oo- 2 10 ooo 2 10 oo- 3 11 --- 3 7 -o- 3 9 --- 3 12 o-o 3 13 ooo 3 13 ooo 3 6 ooo 3 8 oo- 4 11 -oo 4 6 ooo 4 10 ooo 4 9 ooo 4 11 ooo 4 6 oo+ 5 13 -oo 5 12 ooo 5 7 ooo 5 8 o+o 5 10 oo+ 5 9 o++
4.0,K K K Ta Cl Cl Cl Cl Cl Cl 0 8 ooo 0 8 o+o 0 4 oo+ 0 4 o+o 0 6 ooo 0 6 +oo 0 5 o+o 0 5 +oo 0 7 oo+ 0 7 +oo 0 9 ooo 0 9 oo+ 1 5 oo- 1 5 ooo 1 7 o-o 1 7 ooo 1 4 -oo 1 4 ooo 1 6 o-o 1 6 oo- 1 8 -oo 1 8 oo- 1 9 -oo 1 9 o-o 2 5 ooo 2 7 ooo 2 6 ooo 2 4 ooo 2 8 ooo 2 9 ooo 3 9 --o 3 8 -o- 3 4 -oo 3 6 o-- 3 7 o-o 3 5 oo-
4.0,Cs Cs Cs Cs Li Nb In In Cl Cl Cl Cl Cl Cl Cl Cl Cl Cl Cl Cl 0 12 ooo 0 18 ooo 0 12 ooo 0 11 o+o 0 13 ooo 0 19 oo+ 0 10 ooo 0 10 oo+ 0 15 o+o 0 14 o+o 0 8 ooo 0 13 o+o 1 16 o-o 1 16 ooo 1 17 o-o 1 15 ooo 1 11 ooo 1 11 o-o 1 14 o-o 1 13 oo- 1 15 +oo 1 9 ooo 1 18 oo- 1 19 ooo 2 19 o-o 2 16 o-o 2 17 o-o 2 10 ooo 2 13 oo- 2 14 o-o 2 8 ooo 2 8 o-o 2 17 ooo 2 18 ooo 2 18 +oo 2 14 +oo 3 18 -oo 3 17 ooo 3 11 ooo 3 9 -oo 3 15 -oo 3 16 -oo 3 9 -o+ 3 12 -oo 3 14 o+o 3 11 ooo 3 12 ooo 3 19 ooo 4 16 o-o 4 9 o-o 4 16 ooo 4 13 o-o 4 8 ooo 4 17 ooo 5 8 ooo 5 15 oo+ 5 15 oo+ 5 17 +o+ 5 18 +oo 5 10 +oo 6 9 oo- 6 11 ooo 6 10 ooo 6 18 oo- 6 18 ooo 7 12 o-o 7 16 ooo 7 19 oo+ 7 13 ooo 7 8 +oo 8 15 ooo 8 19 +oo 8 15 o-o 9 16 -oo 9 19 --o 10 19 --o 10 18 ooo 10 13 o-o 11 18 ooo 11 12 -oo 11 19 --o 12 14 ooo
4.0,Ba Ba W W O O O O O O 0 9 oo- 0 9 ooo 0 7 o-o 0 7 ooo 0 4 -oo 0 4 ooo 0 5 o-o 0 5 oo- 0 6 -oo 0 6 oo- 0 8 -oo 0 8 o-o 1 6 ooo 1 6 o+o 1 4 oo+ 1 4 o+o 1 5 ooo 1 5 +oo 1 9 o+o 1 9 +oo 1 7 oo+ 1 7 +oo 1 8 ooo 1 8 oo+ 2 6 --o 2 4 -o- 2 5 -oo 2 9 o-- 2 7 o-o 2 8 oo- 3 8 ooo 3 6 ooo 3 9 ooo 3 5 ooo 3 7 ooo 3 4 ooo
4.0,Rb Rb Rb Tl F F F F F F 0 6 ooo 0 5 ooo 0 7 ooo 0 9 ooo 0 8 ooo 1 8 ooo 1 9 o+o 1 6 ooo 1 4 oo+ 1 7 o+o 1 5 ooo 1 4 +oo 1 7 o+o 1 7 +oo 1 8 oo+ 1 8 +oo 1 9 ooo 1 9 oo+ 1 6 oo- 1 6 ooo 1 4 o-o 1 4 oo- 1 5 -oo 1 5 ooo 2 8 o-o 2 7 ooo 2 5 o-o 2 6 oo- 2 4 -oo 2 9 o-o 2 9 -oo 2 4 o-o 2 6 oo- 2 8 ooo 2 7 -oo 2 5 ooo 3 7 o-o 3 6 ooo 3 4 oo+ 3 8 ooo 3 5 ooo 3 9 o+o 3 4 oo+ 3 6 +oo 3 5 oo+ 3 7 +oo
4.0,Ba Ba Ba Ba Y Y Ag Ag Br Br Br Br Br Br Br Br Br Br Br Br 0 10 ooo 0 14 oo+ 0 12 ooo 0 16 o-o 0 14 ooo 0 8 oo+ 0 11 ooo 0 15 o-o 0 17 o-o 0 13 ooo 0 18 ooo 1 15 ooo 1 16 ooo 1 15 ooo 1 17 ooo 1 19 oo- 1 11 ooo 1 11 o+o 1 18 o+o 1 19 ooo 1 12 ooo 1 9 o+o 2 13 -oo 2 8 -o+ 2 8 -oo 2 15 ooo 2 18 -oo 2 10 ooo 2 9 oo+ 2 19 oo+ 2 12 o+o 2 18 oo+ 2 14 -oo 3 16 oo- 3 18 oo- 3 12 -oo 3 8 ooo 3 9 o+- 3 17 oo- 3 13 ooo 3 13 +oo 3 12 o-o 3 8 ooo 3 19 oo- 4 17 oo- 4 10 +o- 4 14 ooo 4 15 ++o 4 19 +oo 4 12 +oo 4 16 +oo 5 8 ooo 5 9 oo- 5 17 -oo 5 13 o+- 5 16 o+o 5 11 o+o 5 15 ooo 6 18 ooo 6 10 o+- 6 19 ++o 6 10 ooo 6 13 ooo 6 14 ooo 6 17 ooo 7 11 ooo 7 12 o-o 7 11 ooo 7 14 ooo 7 15 ooo 7 16 ooo 7 18 oo+ 8 17 ooo 8 15 -oo 10 16 o-o 10 17 +oo 12 19 -o+ 12 19 -oo 13 17 -oo 13 16 ooo 14 18 o-o 15 19 ooo 14 19 ooo 15 18 o+o
1.0,Rb Rb K As Cl Cl Cl Cl Cl 0 7 ooo 0 7 o+o 0 3 ooo 0 3 +oo 0 8 +oo 0 8 +oo 0 4 +oo 0 4 ooo 0 6 +oo 0 6 o-o 1 6 -oo 1 5 o+- 1 5 o+o 1 5 ooo 1 8 oo- 1 7 ooo 1 6 oo- 1 3 ooo 1 4 +oo 1 4 o+- 1 7 o+o 1 8 o+o 1 5 +o- 1 3 o+o 2 3 --o 2 4 -oo 2 8 o-o 2 7 oo+ 2 5 o-o 2 6 ooo
1.0,Rb Rb Gd Gd Gd Gd Cu Cu Cu Cu Se Se Se Se Se Se 0 15 -oo 0 15 o+o 0 9 -oo 0 9 -oo 0 7 o+o 0 6 o+o 0 0 ++o 0 6 -oo 0 0 ++o 0 6 o+o 0 8 ooo 1 8 ++o 1 7 o-o 1 7 +oo 1 6 o-o 1 6 +oo 1 9 ooo 1 9 o-o 1 11 +oo 1 10 oo+ 1 14 ooo 1 10 ooo 1 12 o-o 1 11 +oo 1 13 o-o 1 7 +oo 2 13 -oo 2 12 o+o 2 10 ooo 2 12 -oo 2 13 o+o 2 10 o+o 2 15 ooo 2 14 o+o 2 8 ooo 2 11 ++o 2 15 oo- 2 11 ooo 2 14 ++o 2 14 ++o 2 6 o+o 3 13 -oo 3 14 o-o 3 6 +oo 3 6 o-o 3 6 +oo 3 7 ooo 3 8 +o+ 3 13 oo+ 3 8 oo+ 3 9 o-o 3 12 +oo 4 12 -oo 4 14 o+o 4 14 oo- 4 7 ooo 4 10 oo- 4 15 oo- 5 11 -oo 5 8 o+o 5 8 ++o 5 6 ooo 5 7 ++o 5 9 ooo 6 8 -oo 6 11 o+o 7 13 ooo 7 12 ++o 8 12 +oo 8 13 ++o 8 14 oo- 9 13 ooo 9 12 ++o 9 12 ++o 10 13 ++o 10 14 ooo 11 12 oo+ 11 15 ooo
1.0,Ti Ti Ti Ti Pb Pb Pb Pb S S S S S S S S S S 0 15 oo- 0 15 +oo 0 15 o-o 0 11 o-o 0 11 ooo 0 11 +oo 1 9 oo- 1 9 o+o 1 17 +oo 1 14 oo- 1 10 ooo 1 8 oo- 1 13 +o- 1 12 ooo 2 14 ooo 2 10 ooo 2 14 -oo 2 9 ooo 2 11 ooo 2 11 ooo 2 9 o+o 2 13 ooo 3 8 -o+ 3 8 -oo 3 12 ooo 3 16 -oo 3 12 oo+ 3 10 ooo 3 10 oo+ 3 15 ooo 4 12 ooo 4 14 ooo 4 9 ooo 4 13 ooo 4 10 +oo 4 16 ooo 5 17 -oo 5 12 -oo 5 15 -oo 5 8 ooo 5 8 ooo 5 8 ooo 6 13 o-o 6 16 +-o 6 13 oo+ 6 11 oo+ 6 14 +o+ 6 9 +oo 7 14 -oo 7 17 ooo 7 10 o+o 7 12 ooo 7 11 o+o 7 15 ooo 14 15 o+o 14 14 ooo 14 17 oo-
1.0,Li Li Cu Cu Cu Cu Si Si O O O O O O O O 0 14 oo+ 0 15 o++ 0 11 o+o 0 13 +oo 1 9 o-o 1 10 ooo 1 8 o-o 1 12 o-o 1 13 ooo 2 11 o-o 2 15 ooo 2 9 +oo 2 11 oo+ 2 8 +oo 2 10 +oo 3 8 oo- 3 13 ooo 3 12 oo- 3 9 ooo 3 14 ooo 3 10 ooo 4 8 o-o 4 15 ooo 4 11 ooo 4 12 oo- 4 13 oo- 5 12 ooo 5 9 ooo 5 15 -oo 5 10 ooo 6 13 -oo 6 11 ooo 6 15 ooo 6 8 ooo 6 12 ooo 7 8 ooo 7 14 ooo 7 9 ooo 7 10 ooo 7 14 oo+
1.0,Rb Rb Pd Pd F F F F F F F F 0 11 -oo 0 11 -oo 0 10 ooo 0 10 -oo 0 8 ooo 0 9 ooo 0 6 ooo 0 7 ooo 1 9 oo- 1 6 o-o 1 11 oo- 1 10 ooo 1 8 o-o 1 7 ooo 1 9 +oo 1 5 oo- 1 5 ooo 1 4 oo- 2 4 --- 2 5 --o 2 5 -oo 2 8 o-o 2 6 ooo 3 9 o-o 3 7 oo- 3 11 ooo 3 4 ooo 3 6 ooo
1.0,Li Li Ni Ni Ni Ni Ni O O O O O O O O 0 11 ooo 0 12 -oo 0 8 -oo 0 7 o-o 0 14 oo+ 1 9 o-o 1 7 ooo 1 10 oo+ 1 8 ooo 2 12 -oo 2 7 -oo 2 7 -oo 2 10 o-o 2 14 ooo 3 9 --- 3 7 -oo 3 14 o-- 3 8 ooo 3 13 ooo 3 10 ooo 4 10 oo- 4 11 ooo 4 12 oo- 4 8 ooo 4 9 ooo 4 14 ooo 5 11 -oo 5 9 -oo 5 8 ooo 5 13 ooo 5 13 ooo 5 12 ooo 6 11 --- 6 7 --o 6 10 -o- 6 14 -oo 6 11 o-- 6 8 o-o
1.0,Na Sb Te S 0 3 oo+ 0 3 o+o 0 3 +oo 0 2 oo+ 0 2 +oo 0 2 o+o 1 2 o-o 1 2 -oo 1 2 oo- 1 3 --o 1 3 o-- 1 3 -o-
1.0,Mg Mg As As 0 2 --- 0 2 o-- 0 2 oo- 0 2 --o 0 3 --o 0 3 ooo 1 3 -oo 1 3 ooo 1 3 o+o 1 3 ooo 1 2 -oo 1 2 ooo
1.0,Er Er V V O O O O O O 0 8 -o- 0 7 --- 0 4 ooo 0 6 o-- 0 5 ooo 0 9 ooo 1 8 oo- 1 6 oo- 1 5 o+o 1 9 oo- 1 7 oo- 1 4 oo- 1 5 +oo 1 6 +++ 2 9 oo- 2 8 oo- 2 4 ooo 2 7 o-- 2 5 ooo 2 6 +oo 2 6 oo- 2 7 ooo 3 9 --- 3 7 -o- 3 6 -oo 3 8 ooo 3 9 o-o 3 5 ooo
1.0,Li Zn Co O O 0 4 oo- 0 4 o+o 0 4 +oo 0 2 +++ 0 2 o-- 0 3 oo- 0 3 +oo 1 3 -o- 1 3 ooo 1 4 o-- 1 4 -o- 1 2 ooo 1 2 -o- 1 2 +oo 1 2 o+o 1 3 oo- 1 2 o+o 2 3 oo-
1.0,Cs Cs Cs Cs Pb Pb O O O O 0 8 oo+ 0 8 ooo 0 9 o-o 0 6 +-o 0 2 o-+ 0 2 +oo 0 7 o-o 0 7 o-o 0 3 +-o 0 4 +oo 0 1 +-o 0 1 +o+ 1 1 +oo 1 7 -oo 1 5 o+o 1 5 oo- 1 4 o+o 1 6 -oo 1 6 ooo 1 9 o+o 1 3 o+o 1 8 oo+ 1 9 -oo 1 2 -oo 2 7 ooo 2 6 ooo 2 8 ooo 2 6 ooo 2 9 ooo 2 7 oo- 2 6 ooo 2 4 ooo 3 7 ooo 3 8 ooo 3 9 ooo 3 6 ooo 3 8 ooo 3 7 ooo 3 5 oo+ 3 9 ooo 3 7 oo+ 3 5 ooo 4 8 -oo 4 8 o+o 4 9 oo- 4 6 ooo 5 7 ooo 5 6 ooo 5 8 ooo 5 9 ooo
1.0,Mg Mg Fe Fe Pb Pb O O O O O O 0 11 -oo 0 11 o+o 0 9 o+o 0 9 ooo 0 10 ooo 0 6 ooo 1 7 o-o 1 8 +oo 1 6 oo- 1 7 ooo 1 8 oo- 1 10 ooo 2 10 -oo 2 8 o+o 2 7 -oo 2 8 ooo 2 9 ooo 2 11 ooo 2 6 ooo 2 11 ooo 3 7 o-o 3 9 +oo 3 6 ooo 3 10 +oo 3 8 o-o 3 6 +oo 3 11 ooo 3 7 o-o 4 9 ooo 4 10 oo+ 4 6 ooo 4 11 +oo 4 8 ooo 4 9 ooo 5 8 --- 5 10 -o- 5 11 o-o 5 9 ooo 5 6 oo- 5 7 oo-
1.0,Lu Tl Tl Tl Cu Cu Cu Cu Se Se Se Se Se Se 0 9 ooo 0 7 ooo 0 12 ooo 0 13 o-o 0 11 +oo 0 5 o-o 0 8 +oo 0 6 oo- 0 4 ooo 1 4 --- 1 6 --o 1 5 ooo 1 8 o-- 1 10 oo- 1 13 ooo 1 9 o-o 1 7 ooo 1 12 ooo 1 13 ooo 1 3 oo+ 2 12 -o- 2 4 -oo 2 11 o+o 2 8 ooo 2 10 ooo 2 11 ooo 2 5 oo+ 2 9 o++ 2 10 oo+ 2 6 ooo 2 12 ooo 2 11 oo+ 3 7 --o 3 10 --o 3 10 -oo 3 13 --o 3 11 -oo 3 13 ooo 3 5 ooo 3 12 ooo 3 9 ooo 3 7 ooo 3 11 o-o 3 8 +o+ 4 12 oo- 4 12 oo- 4 5 ooo 4 10 oo- 4 13 ooo 4 9 oo- 5 10 ooo 5 9 ooo 5 11 ooo 5 11 ooo 5 13 ooo 6 8 ooo 6 10 ooo 6 7 ooo 7 8 ooo 7 12 -oo 7 8 ooo
1.0,Tm Tm Sb O O O O 0 4 o-- 0 4 ooo 0 6 ooo 0 3 -o- 0 3 oo- 0 5 o+o 1 5 oo- 1 3 +oo 1 3 oo- 1 5 oo- 1 6 o+o 1 6 oo- 1 4 +oo 1 4 oo- 1 5 +oo 2 4 --- 2 4 -oo 2 3 -oo 2 3 ooo 2 3 o-- 2 5 o-o 2 6 ooo 2 6 ooo 2 4 o-- 2 4 ooo 3 6 ooo 3 6 o-- 3 5 ooo 3 5 ooo
1.0,Ca Ca Mn Fe Fe O O O O O O O 0 5 -oo 0 10 oo- 0 7 o+- 0 11 -o- 0 9 o+o 0 8 o+o 1 7 --o 1 8 ooo 1 6 -oo 1 6 ooo 1 9 ooo 1 4 ooo 1 4 ooo 1 5 ooo 1 5 oo+ 2 11 -oo 2 9 -o+ 2 6 -oo 2 10 o++ 2 7 -oo 2 11 ooo 2 8 ooo 2 6 oo+ 3 8 --- 3 9 ooo 3 7 oo- 3 10 oo- 3 4 o-o 3 11 ooo 3 5 oo- 3 9 ooo 3 6 o-- 4 5 --- 4 11 -oo 4 6 -oo 4 8 o-- 4 7 -oo 4 10 ooo 5 11 o-- 5 9 ooo 5 10 ooo 5 8 ooo
1.0,Li Li V Cr Cu Cu O O O O O O O O 0 8 -oo 0 8 o+o 0 13 -oo 0 12 ooo 0 11 ooo 1 10 oo- 1 6 oo- 1 11 ooo 1 12 ooo 1 9 o-o 1 7 ooo 1 13 ooo 2 6 ooo 2 7 ooo 2 6 o-o 2 12 +oo 2 13 ooo 2 9 o-o 2 11 ooo 2 8 o-o 2 10 ooo 3 6 -oo 3 12 -oo 3 13 o+o 3 9 ooo 3 10 ooo 3 7 o+o 3 10 oo+ 3 11 ooo 3 8 oo+ 4 7 --- 4 6 --o 4 9 ooo 4 6 ooo 4 12 ooo 4 10 o-o 4 13 oo- 4 11 ooo 5 11 --- 5 7 -o- 5 12 oo- 5 13 ooo 5 11 oo- 5 6 ooo
1.0,Pr Pr Bi Bi 0 3 --- 0 3 --o 0 3 o-- 0 3 -o- 0 1 --o 0 1 -oo 0 1 o-o 0 1 ooo 0 1 ooo 0 2 o-- 0 2 -oo 0 2 o-o 0 2 oo- 0 2 ooo 1 2 ooo 1 2 oo+ 1 2 +oo 1 2 o+o 1 3 -oo 1 3 o-o 1 3 oo- 1 3 ooo 2 3 --o 2 3 -o- 2 3 -oo 2 3 o-- 2 3 o-o 2 3 oo-
1.0,V V V V O O O O F F F F F F F F 0 11 -oo 0 8 ooo 0 6 ooo 0 5 ooo 0 15 o+o 0 7 ooo 1 13 -oo 1 10 -oo 1 8 -oo 1 4 ooo 1 12 ooo 1 9 ooo 2 10 ooo 2 11 oo- 2 7 oo- 2 6 ooo 2 9 oo- 2 4 ooo 3 8 o-o 3 5 o-o 3 12 ooo 3 15 ooo 3 14 +-o 3 13 ooo
1.0,Na Na Na Na Mn Mn Mn Mn Mn Mn O O O O O O O O O O 0 16 ooo 0 12 ooo 0 15 ooo 0 12 +oo 0 19 +oo 0 11 +oo 0 10 oo- 0 15 +oo 0 14 ooo 0 14 +oo 0 13 +-o 0 18 +oo 1 13 -oo 1 11 ooo 1 12 -oo 1 16 ooo 1 11 -o+ 1 10 ooo 1 10 oo+ 1 19 ooo 1 17 oo+ 1 15 o-o 1 18 ooo 1 13 oo+ 2 14 -oo 2 16 -oo 2 17 -oo 2 10 ooo 2 17 -+o 2 18 ooo 2 14 oo- 2 19 o+o 2 19 o+o 2 18 o+- 2 15 o+o 2 18 o+o 3 12 -oo 3 19 -oo 3 11 -o- 3 11 -o- 3 16 -oo 3 18 ooo 3 17 ooo 3 15 oo- 3 13 oo- 3 10 ooo 3 16 ooo 3 19 ooo 4 19 ooo 4 15 ooo 4 18 ooo 4 13 ooo 4 12 ooo 4 16 oo+ 5 17 -oo 5 12 -oo 5 17 -oo 5 11 ooo 5 14 ooo 5 13 ooo 6 12 oo- 6 15 ooo 6 11 ooo 6 10 o+o 6 10 ooo 6 14 oo+ 7 11 ooo 7 16 +oo 7 18 o+o 7 18 +oo 7 15 ooo 7 11 ooo 8 13 ooo 8 19 +o+ 8 10 oo+ 8 10 +oo 9 16 oo- 9 12 oo- 9 17 ooo 9 18 ooo
1.0,Lu Tl Tl Tl Br Br Br Br Br Br 0 8 ooo 0 8 o+o 0 4 oo+ 0 4 o+o 0 6 ooo 0 6 +oo 0 5 o+o 0 5 +oo 0 7 oo+ 0 7 +oo 0 9 ooo 0 9 oo+ 1 5 oo- 1 5 ooo 1 7 o-o 1 7 ooo 1 4 -oo 1 4 ooo 1 6 o-o 1 6 oo- 1 8 -oo 1 8 oo- 1 9 -oo 1 9 o-o 2 5 ooo 2 7 ooo 2 6 ooo 2 4 ooo 2 8 ooo 2 9 ooo 3 9 --o 3 8 -o- 3 4 -oo 3 6 o-- 3 7 o-o 3 5 oo-
1.0,Li Li Fe Fe O O F F F F F F 0 8 --o 0 7 o-o 0 11 ooo 0 6 oo+ 0 9 o-+ 1 9 ooo 1 5 ooo 1 6 +oo 1 11 +o+ 1 4 ++o 2 9 ooo 2 11 ooo 2 4 ooo 2 6 ooo 2 8 +oo 2 10 ooo 2 5 o-o 2 7 +oo 3 10 ooo 3 6 oo- 3 9 ooo 3 7 ooo 3 11 +oo 3 8 +oo 3 10 ++o 4 9 -oo 4 10 -o+ 4 8 ooo 4 11 ooo 4 9 ooo 4 10 o+o 5 10 ooo 5 11 ooo 5 9 ++o 5 7 o+o 5 11 ++o 6 9 -oo 6 10 --o 6 10 oo- 6 8 --- 7 11 oo- 7 8 --o 7 10 o-o 8 10 ooo 9 11 +o- 9 11 ooo
1.0,In In In In In In Te Te Te Te Te Te Te Te Te 0 10 -oo 0 8 o+o 0 9 -oo 0 11 o+o 0 6 ooo 1 6 oo- 1 9 oo- 1 7 ooo 1 11 ooo 1 8 ooo 1 10 ooo 2 11 ooo 2 7 oo+ 2 6 ooo 2 12 ooo 2 13 o-o 2 9 oo+ 3 9 ooo 3 10 ooo 3 8 ooo 3 7 ooo 3 13 ooo 3 11 ooo 4 11 -oo 4 6 o-o 4 8 ooo 4 10 o-o 4 7 +oo 5 10 oo- 5 12 oo- 5 14 ooo 5 9 +oo 5 13 oo-
1.0,Ag Ag Ag Ag I I I I I I 0 5 o-o 0 9 +oo 0 6 oo- 0 3 ooo 1 8 oo+ 1 8 o+o 1 7 -oo 1 5 o-o 1 4 +oo 1 9 ooo 2 6 ooo 2 6 o+o 2 9 oo- 2 8 +o- 2 6 o+o 3 6 ooo 3 7 ooo 3 7 o+o 3 7 o+o 3 5 +o+ 4 7 --o 4 8 o-o 4 8 -oo 4 9 o-o 4 9 -oo
1.0,Sr Sr V V O O O O O O 0 7 ooo 0 7 +oo 0 8 +oo 0 8 ooo 0 6 ooo 0 6 +oo 0 5 oo- 0 5 o-o 0 4 ooo 0 4 +oo 0 9 oo- 0 9 ooo 1 4 oo+ 1 4 -oo 1 6 -oo 1 6 ooo 1 9 o+o 1 9 oo+ 1 8 ooo 1 8 ooo 1 7 ooo 1 7 oo+ 1 5 -oo 1 5 ooo 2 5 --- 2 9 --o 2 8 o-o 2 4 ooo 2 7 oo- 2 6 ooo 3 9 --o 3 6 --o 3 6 -oo 3 8 o-o 3 7 ooo 3 5 ooo
1.0,Sm Sm Sm Sm Rh Rh Rh Rh O O O O O O O O O O O O 0 12 ooo 0 9 ooo 0 13 +oo 0 8 ooo 0 19 +oo 0 14 +oo 0 11 ++o 1 15 ooo 1 8 ooo 1 16 ooo 1 14 ooo 1 11 +oo 1 17 ooo 1 13 ooo 1 10 ooo 1 18 o+o 2 18 o-o 2 14 o-o 2 11 +-o 2 12 ooo 2 8 ooo 2 15 ooo 2 16 o-o 2 9 ooo 3 10 -o- 3 17 -oo 3 15 -oo 3 10 -oo 3 13 ooo 3 12 oo- 3 19 ooo 3 8 ooo 4 14 o-o 4 10 o-o 4 11 ooo 4 12 o-o 4 8 ooo 4 13 ooo 5 11 -oo 5 9 -oo 5 18 -oo 5 19 ooo 5 18 ooo 5 15 ooo 6 14 -oo 6 12 -o- 6 16 -oo 6 10 oo- 6 15 oo- 6 8 ooo 7 19 --o 7 11 -o- 7 17 -oo 7 14 oo- 7 10 ooo 7 9 ooo
1.0,Zn Zn Zn Zn Zn Zn S S S S S S S S 0 12 ooo 0 6 oo+ 0 13 +oo 0 10 o+o 1 11 o-o 1 11 -oo 1 10 oo- 1 7 ooo 2 6 ooo 2 8 ooo 2 9 ooo 2 12 ooo 3 9 ooo 3 8 o-o 3 13 +oo 3 12 +o+ 4 9 --o 4 10 -o- 4 13 ooo 4 11 o-- 4 8 o-o 4 7 ooo 5 6 oo- 5 12 ooo 5 11 ooo 5 13 oo- 5 10 oo- 5 9 ooo
1.0,Dy Dy Cu Cu Cu Cu Se Se Se Se Se Se 0 11 o-o 0 11 +oo 0 4 -oo 0 4 o+o 0 5 oo- 0 5 +oo 0 7 o+o 0 10 oo- 0 10 ooo 1 9 o-o 1 8 -oo 1 8 oo+ 1 6 +oo 1 6 o+o 1 4 o-o 1 7 -oo 1 9 o-o 1 5 -oo 2 7 o-o 2 7 -oo 2 4 o-o 2 4 -oo 2 4 oo+ 2 6 o-+ 2 5 -o+ 3 6 o+o 3 10 +oo 3 5 ooo 3 8 o-o 3 11 -oo 3 6 +oo 3 9 o+o 4 10 -oo 4 6 o+o 5 7 o-o 5 8 +oo 6 11 o-o 7 10 -oo 7 9 o-o
1.0,Li Li Li Li Mn Mn Mn Co O O O O O O O O O O 0 16 ooo 0 13 o-o 0 11 ooo 0 12 ooo 0 15 o-o 0 10 ooo 1 12 -oo 1 11 -oo 1 12 ooo 1 15 ooo 1 10 ooo 1 16 ooo 2 17 o-o 2 10 oo- 2 11 +oo 2 15 +o- 2 13 +oo 2 13 +oo 3 12 o-o 3 11 +oo 3 12 o-- 3 13 ooo 3 10 ooo 3 14 o-o 4 17 ooo 4 9 -oo 4 14 -o+ 4 11 ooo 4 8 oo+ 4 12 oo+ 5 17 o-- 5 8 o-o 5 15 o-o 5 10 ooo 5 9 o-o 5 14 ooo 6 8 ooo 6 17 o+o 6 13 ooo 6 11 ooo 6 14 oo+ 7 16 o-o 7 15 o-o 7 12 ooo 7 9 ooo 7 16 +-+
1.0,Na Na Na Na Cu Cu Cu Cu O O O O 0 7 oo- 0 11 oo- 0 8 o+o 0 5 oo- 0 5 +oo 0 10 oo- 0 11 ooo 0 9 o+o 0 4 ooo 1 11 o-o 1 8 +-o 1 9 ooo 1 8 +oo 1 10 +oo 1 6 +o+ 1 5 o-o 1 7 +o+ 1 4 o-o 1 4 oo+ 1 10 ooo 2 10 -o- 2 11 o+o 2 8 o+o 2 9 -oo 2 11 ooo 2 10 ooo 2 4 -o- 2 4 o-- 2 6 o-- 2 6 ooo 3 11 oo- 3 11 o-- 3 8 ooo 3 7 o-o 3 7 o-- 3 5 ooo 3 9 o-- 3 10 ooo 3 6 ooo 3 5 ooo 4 10 ooo 4 11 ooo 4 9 ooo 4 8 ooo 4 9 ooo 4 10 ooo 5 8 ooo 5 8 ooo 5 9 ooo 5 11 oo+ 5 9 oo+ 5 11 +o+ 6 8 -o- 6 9 -oo 6 10 o-- 6 8 o-- 6 10 oo- 6 11 ooo 7 10 o-o 7 8 +-o 7 9 o-o 7 11 oo+ 7 10 o-o 7 11 +o+
1.0,Rb Rb Mg B Br Br Br Br Br Br 0 8 ooo 0 8 o+o 0 4 oo+ 0 4 o+o 0 6 ooo 0 6 +oo 0 5 o+o 0 5 +oo 0 7 oo+ 0 7 +oo 0 9 ooo 0 9 oo+ 1 5 oo- 1 5 ooo 1 7 o-o 1 7 ooo 1 4 -oo 1 4 ooo 1 6 o-o 1 6 oo- 1 8 -oo 1 8 oo- 1 9 -oo 1 9 o-o 2 5 ooo 2 7 ooo 2 6 ooo 2 4 ooo 2 8 ooo 2 9 ooo 3 9 --o 3 8 -o- 3 4 -oo 3 6 o-- 3 7 o-o 3 5 oo-
1.0,Tl Tl Sb Sb W W O O O O O O O O O O 0 14 --- 0 10 -oo 0 11 -o- 0 9 -oo 0 7 --- 0 15 -o- 0 3 ooo 0 12 ooo 0 14 --o 0 8 ooo 0 10 o-- 0 13 o-o 0 8 oo- 0 11 ooo 0 13 ooo 0 6 o-- 0 6 oo- 0 13 ooo 1 12 oo- 1 8 ooo 1 15 o+o 1 15 oo- 1 7 -o- 1 15 oo- 1 15 +oo 1 14 oo- 1 9 oo- 1 14 oo- 1 6 ++o 1 12 ++o 1 13 ++o 1 11 +oo 1 10 ++o 1 2 oo- 1 2 +++ 1 2 ooo 1 7 oo- 1 8 oo- 1 9 ooo 2 8 ooo 2 14 ooo 2 11 ooo 2 6 ooo 2 6 +oo 2 13 ooo 2 10 +o+ 2 12 o+o 2 9 +oo 2 14 o+o 3 15 -o- 3 15 ooo 3 14 ooo 3 9 ooo 3 11 o+o 3 13 ooo 3 7 ooo 3 10 ooo 3 11 ooo 4 12 o-o 4 12 ooo 4 14 o-o 4 6 ooo 5 8 -oo 5 15 -oo 5 10 ooo 5 10 oo+
1.0,Cs Cs Nb Nb Nb Nb O O O O O O O O O 0 6 --o 0 13 -oo 0 10 --o 0 3 -o- 0 3 o-o 0 3 ooo 0 11 ooo 0 10 -o- 0 14 -oo 0 13 ooo 0 1 ooo 0 4 o-o 0 12 o-o 0 7 ooo 0 11 o-o 0 11 oo- 0 2 oo- 0 14 ooo 0 12 oo- 1 12 o-o 1 7 ooo 1 7 ooo 1 6 --o 1 6 --o 1 9 -oo 1 8 ooo 1 8 -oo 1 5 -oo 1 4 ooo 1 13 o-o 1 10 o-o 1 13 ooo 1 11 ooo 1 9 ooo 1 5 o-o 1 6 ooo 1 14 ooo 2 13 --- 2 13 -o- 2 14 o-o 2 6 --o 2 8 ooo 2 7 o-- 2 12 o-o 2 12 -oo 2 10 ooo 2 10 oo- 3 9 ooo 3 6 ooo 3 14 ooo 3 12 ooo 3 11 ooo 3 11 ooo 4 9 ooo 4 10 ooo 4 6 ooo 4 11 oo+ 4 8 ooo 4 12 ooo 5 10 ooo 5 7 ooo 5 7 ooo 5 11 ooo 5 8 ooo 5 10 ooo 6 12 o-o 6 14 ooo 7 11 -oo 7 10 -oo 7 14 o-- 8 13 o-o 8 14 o-o 9 9 o-o 9 13 ooo 10 12 -oo 10 13 -oo 11 12 oo-
1.0,Cs Cs Nd Nd Cu Cu Te Te Te Te Te Te 0 7 -oo 0 6 o+o 0 6 ooo 0 10 ooo 0 11 o-o 0 11 +oo 0 8 o-o 0 5 +oo 0 9 ooo 0 10 ooo 0 4 o-o 1 8 -oo 1 4 o+o 1 4 ooo 1 4 -oo 1 7 o+o 1 7 ooo 1 5 oo+ 1 5 -oo 1 9 o+- 1 6 oo- 1 6 oo- 1 10 o-o 1 8 +oo 2 4 --o 2 11 ooo 2 8 --o 2 6 ooo 2 5 --o 2 7 ooo 3 10 --- 3 11 -o- 3 5 --- 3 4 --- 3 9 o-o 3 6 oo- 3 11 oo- 3 7 ooo 4 9 -oo 4 6 -oo 4 7 ooo 4 10 o+o 5 10 -oo 5 8 o+o 5 11 oo- 5 11 ooo 6 9 oo- 6 8 ooo 6 7 ooo 7 10 ooo 7 11 ooo 7 10 ooo
1.0,Rb Rb Tl In Cl Cl Cl Cl Cl Cl 0 8 ooo 0 8 o+o 0 4 oo+ 0 4 o+o 0 6 ooo 0 6 +oo 0 5 o+o 0 5 +oo 0 7 oo+ 0 7 +oo 0 9 ooo 0 9 oo+ 1 5 oo- 1 5 ooo 1 7 o-o 1 7 ooo 1 4 -oo 1 4 ooo 1 6 o-o 1 6 oo- 1 8 -oo 1 8 oo- 1 9 -oo 1 9 o-o 2 5 ooo 2 7 ooo 2 6 ooo 2 4 ooo 2 8 ooo 2 9 ooo 3 9 --o 3 8 -o- 3 4 -oo 3 6 o-- 3 7 o-o 3 5 oo-
1.0,Li Mn Mn Mn Mn Co O O O O O O O O 0 7 ooo 0 9 ooo 0 13 ooo 0 11 oo+ 0 8 +oo 1 10 ooo 1 12 ooo 1 13 oo- 1 6 oo- 1 7 ooo 1 12 ooo 1 11 ooo 2 13 oo- 2 10 ooo 2 11 +o- 2 12 ooo 2 8 ooo 2 6 o+o 3 6 -oo 3 9 ooo 3 13 ooo 3 12 ooo 3 7 ooo 3 11 ooo 4 8 o-o 4 8 ooo 4 12 ooo 4 10 +oo 4 10 oo+ 5 13 -oo 5 7 -o+ 5 9 oo+ 5 11 ooo 5 6 ooo
1.0,Cu Cu Ag Ag F F F F F F 0 5 -oo 0 9 o+o 0 6 ooo 1 6 o-o 1 4 oo+ 1 7 +oo 2 4 oo- 2 7 ooo 2 8 ooo 2 9 ooo 2 6 oo- 2 5 ooo 3 6 --- 3 8 -oo 3 4 o-o 3 5 ooo
1.0,Cs Cs Al I O O O 0 6 ooo 0 6 o+o 0 6 +oo 0 4 +++ 0 4 ooo 0 5 oo- 0 5 +oo 0 3 oo- 0 3 +oo 0 1 oo- 0 1 ++o 0 2 o+o 0 2 oo- 1 6 ooo 1 3 +oo 1 3 ooo 1 3 oo- 1 5 +oo 1 5 oo- 1 5 +oo 1 4 ooo 1 4 ooo 1 4 oo- 1 6 o+o 1 6 -o- 1 3 o-o 1 4 ooo 1 4 ooo 2 4 --- 2 5 -o- 2 5 o-- 2 6 ooo 2 6 o-o 2 3 -o-
1.0,Mn V V V V Ni O O O O O O O O O O 0 12 o-o 0 11 oo- 0 10 ooo 0 8 o-o 0 8 ooo 0 7 +o- 0 9 +o- 0 15 +oo 1 11 -o- 1 14 -oo 1 13 -oo 1 13 -oo 1 8 -oo 1 11 oo- 1 6 ooo 1 7 ooo 1 15 oo- 1 10 ooo 2 14 -oo 2 6 -oo 2 12 -oo 2 10 o+o 2 15 ooo 2 9 ooo 2 11 ooo 2 13 ooo 2 8 ooo 2 7 oo+ 3 10 o-- 3 12 o-o 3 11 o-o 3 6 oo- 3 9 ooo 3 10 o-o 3 8 ooo 3 14 o-o 4 14 o-o 4 13 o-o 4 7 ooo 4 9 o-o 4 6 ooo 4 12 +oo 4 13 o-o 4 11 ooo 5 12 oo- 5 7 ooo 5 6 -oo 5 15 -oo 5 14 ooo 5 10 ooo 5 8 ooo
1.0,K K S 0 1 o-o 0 1 --o 0 1 -o- 0 1 -oo 0 2 o-- 0 2 o-o 0 2 oo- 0 2 ooo 1 2 --o 1 2 -o- 1 2 -oo 1 2 o-- 1 2 o-o 1 2 oo-
1.0,Mg Mg Mg Mg Mn Mn O O O O O O O O 0 13 -oo 0 8 -oo 0 9 -oo 0 10 ooo 1 12 oo+ 1 11 +o+ 1 7 ooo 1 6 ooo 1 8 o-o 1 11 oo+ 2 9 oo- 2 12 oo- 2 12 ooo 2 11 ooo 2 8 oo- 2 13 oo- 3 10 -oo 3 11 -oo 3 7 -o- 3 6 ooo 3 10 oo- 3 9 ooo 4 11 --- 4 12 --o 4 10 o-o 4 6 ooo 5 8 oo- 5 9 ooo 5 13 oo- 5 7 oo- 5 10 oo- 5 11 ooo
1.0,Ag Ag Ag Ag Cl Cl Cl Cl Cl Cl 0 6 -o- 0 4 -+o 0 5 -+o 0 7 o+- 0 9 ooo 1 4 o-o 1 6 ooo 1 8 +-o 1 5 ooo 1 7 +-o 1 9 ooo 2 4 oo- 2 5 ooo 2 7 ooo 2 6 ooo 2 8 ooo 2 9 o+o 2 4 oo- 3 6 oo- 3 7 ooo 3 5 ooo 3 4 ooo 3 8 o+o 3 9 ooo
1.0,Nd Nd Pd O O 0 4 oo- 0 4 o+o 0 4 +oo 0 4 +++ 0 3 -o- 0 3 -+o 0 3 ooo 1 3 oo- 1 3 oo- 1 3 o+o 1 3 +oo 1 4 oo- 1 4 o+o 1 4 --- 1 3 -oo 2 4 o-o 2 3 oo+ 2 3 -o- 2 3 -oo 2 3 o-- 2 3 ooo
1.0,Cs Cs Cs Hg I I I I I I 0 8 ooo 0 8 o+o 0 4 oo+ 0 4 o+o 0 6 ooo 0 6 +oo 0 5 o+o 0 5 +oo 0 7 oo+ 0 7 +oo 0 9 ooo 0 9 oo+ 1 5 oo- 1 5 ooo 1 7 o-o 1 7 ooo 1 4 -oo 1 4 ooo 1 6 o-o 1 6 oo- 1 8 -oo 1 8 oo- 1 9 -oo 1 9 o-o 2 5 ooo 2 7 ooo 2 6 ooo 2 4 ooo 2 8 ooo 2 9 ooo 3 9 --o 3 8 -o- 3 4 -oo 3 6 o-- 3 7 o-o 3 5 oo-
1.0,Mn Mn Mn V V V O O O O O O O F F F F F F F 0 9 o-o 0 17 ooo 0 12 ooo 0 15 ooo 0 13 +oo 0 16 +oo 1 13 oo- 1 18 oo- 1 16 ooo 1 12 ooo 1 17 ooo 1 14 ooo 2 6 o-o 2 15 o-+ 2 12 ooo 2 19 +-o 2 11 ooo 2 9 o-o 3 11 -oo 3 16 -oo 3 14 -oo 3 14 ooo 3 18 ooo 3 8 ooo 4 10 o-o 4 19 ooo 4 7 ooo 4 8 ooo 4 12 oo+ 4 13 +-o 5 7 --o 5 8 -oo 5 17 o-o 5 6 oo- 5 18 ooo 5 10 ooo
1.0,Li Mn Mn Mn Cr Cr O O O O O O O O 0 11 ooo 0 12 ooo 0 10 oo+ 0 8 ooo 0 13 ooo 1 7 oo+ 1 12 o+o 1 11 ooo 1 6 +oo 1 9 ++o 2 6 --- 2 13 --- 2 8 -oo 2 7 o-- 2 10 oo- 2 9 ooo 3 8 -oo 3 11 --o 3 10 -oo 3 12 o-o 3 7 oo- 3 13 ooo 4 11 ooo 4 12 ooo 4 8 ooo 4 6 ooo 4 9 ooo 4 13 ooo 5 10 -oo 5 6 -oo 5 8 o-o 5 11 ooo
1.0,Tl Tl Tl In Cl Cl Cl Cl Cl Cl 0 8 ooo 0 8 o+o 0 4 oo+ 0 4 o+o 0 6 ooo 0 6 +oo 0 5 o+o 0 5 +oo 0 7 oo+ 0 7 +oo 0 9 ooo 0 9 oo+ 1 5 oo- 1 5 ooo 1 7 o-o 1 7 ooo 1 4 -oo 1 4 ooo 1 6 o-o 1 6 oo- 1 8 -oo 1 8 oo- 1 9 -oo 1 9 o-o 2 5 ooo 2 7 ooo 2 6 ooo 2 4 ooo 2 8 ooo 2 9 ooo 3 9 --o 3 8 -o- 3 4 -oo 3 6 o-- 3 7 o-o 3 5 oo-
